timestamp,stock_code,stock_name,lynx_score,lynx_valid,mindlynx_score,tradingagent_score,fusion_score,final_signal,position_advice
2026-05-29 22:38:57,,,-0.131,True,0.600,0.000,-0.021,neutral,0成
2026-05-29 22:38:57,,,0.000,False,-0.600,0.000,-0.323,weak_bearish,减仓至0.5成以内
2026-05-29 22:38:57,,,0.598,True,0.600,0.900,0.689,strong_bullish,2-3成
2026-05-29 22:38:57,,,0.507,True,0.600,0.500,0.538,strong_bullish,2-3成
2026-05-29 22:38:57,,,0.000,True,0.600,0.000,0.210,weak_bullish,0.5-1成
2026-05-29 22:38:57,,,0.662,True,0.600,0.000,0.442,weak_bullish,0.5-1成
2026-05-29 22:38:57,,,0.602,True,0.000,-0.500,-0.237,weak_bearish,减仓至0.5成以内
2026-05-29 22:38:57,,,0.000,True,0.000,0.000,0.000,neutral,0成
2026-05-29 22:38:57,,,0.000,True,-0.600,0.500,-0.357,weak_bearish,减仓至0.5成以内
2026-05-29 22:38:57,,,-0.117,True,-0.600,-0.500,-0.401,weak_bearish,减仓至0.5成以内
2026-05-29 22:38:57,,,-0.115,True,0.600,0.900,0.163,neutral,0成
2026-05-29 22:38:57,,,0.552,True,-0.600,0.000,-0.332,weak_bearish,减仓至0.5成以内
2026-05-29 22:39:09,001390,古麒绒材,0.662,True,0.600,0.000,0.442,weak_bullish,0.5-1成
2026-05-29 22:39:09,300652,雷迪克,0.000,False,0.600,-0.900,-0.645,strong_bearish,清仓
2026-05-29 22:39:09,600372,中航机载,0.539,True,0.600,-0.500,-0.095,neutral,0成
2026-05-29 22:39:09,605368,蓝天燃气,0.000,False,0.000,0.000,0.000,neutral,0成
2026-05-29 22:39:09,000592,平潭发展,0.000,True,-0.600,0.000,-0.210,weak_bearish,减仓至0.5成以内
2026-05-29 22:39:09,603189,*ST网达,0.000,True,0.000,0.900,0.270,weak_bullish,0.5-1成
2026-05-29 22:39:09,603557,*ST起步,0.526,True,0.000,0.000,0.184,neutral,0成
2026-05-29 22:39:09,688202,美迪西,0.453,True,-0.600,0.000,-0.333,weak_bearish,减仓至0.5成以内
2026-05-29 22:39:09,601801,皖新传媒,0.479,True,0.000,-0.500,-0.237,weak_bearish,减仓至0.5成以内
2026-05-29 22:39:09,300676,华大基因,-0.105,True,-0.600,0.900,-0.422,weak_bearish,减仓至0.5成以内
2026-05-29 22:40:36,001390,古麒绒材,-0.123,True,0.000,0.000,-0.043,neutral,0成
2026-05-29 22:40:36,300652,雷迪克,0.000,False,0.000,0.000,0.000,neutral,0成
2026-05-29 22:40:36,600372,中航机载,-0.108,True,-0.600,0.000,-0.248,weak_bearish,减仓至0.5成以内
2026-05-29 22:40:36,605368,蓝天燃气,0.000,False,-0.600,0.000,-0.323,weak_bearish,减仓至0.5成以内
2026-05-29 22:40:36,000592,平潭发展,-0.127,True,0.000,0.500,-0.040,neutral,0成
2026-05-29 22:40:36,603189,*ST网达,0.555,True,0.600,0.500,0.554,strong_bullish,2-3成
2026-05-29 22:40:36,603557,*ST起步,0.611,True,0.600,0.500,0.574,strong_bullish,2-3成
2026-05-29 22:40:36,688202,美迪西,0.000,False,0.000,0.000,0.000,neutral,0成
2026-05-29 22:40:36,601801,皖新传媒,0.465,True,-0.600,-0.500,-0.520,strong_bearish,清仓
2026-05-29 22:40:36,300676,华大基因,0.000,False,-0.600,0.500,-0.475,weak_bearish,减仓至0.5成以内
2026-05-29 22:45:26,001390,古麒绒材,0.000,False,-0.600,-0.900,-0.738,strong_bearish,清仓
2026-05-29 22:45:26,300652,雷迪克,0.553,True,0.600,-0.900,-0.373,weak_bearish,减仓至0.5成以内
2026-05-29 22:45:26,600372,中航机载,0.564,True,-0.600,0.500,-0.232,weak_bearish,减仓至0.5成以内
2026-05-29 22:45:26,605368,蓝天燃气,0.000,True,0.000,0.500,0.150,neutral,0成
2026-05-29 22:45:26,000592,平潭发展,0.000,True,-0.600,0.000,-0.210,weak_bearish,减仓至0.5成以内
2026-05-29 22:45:26,603189,*ST网达,0.000,True,0.600,-0.500,-0.237,weak_bearish,减仓至0.5成以内
2026-05-29 22:45:26,603557,*ST起步,0.604,True,0.600,0.000,0.421,weak_bullish,0.5-1成
2026-05-29 22:45:26,688202,美迪西,0.000,False,0.600,0.000,0.323,weak_bullish,0.5-1成
2026-05-29 22:45:26,601801,皖新传媒,0.666,True,0.000,-0.500,-0.238,weak_bearish,减仓至0.5成以内
2026-05-29 22:45:26,300676,华大基因,0.647,True,0.600,-0.500,-0.079,neutral,0成
2026-05-30 07:36:07,001390,古麒绒材,0.507,True,0.000,-0.500,-0.237,weak_bearish,减仓至0.5成以内
2026-05-30 07:36:07,300652,雷迪克,0.572,True,0.600,0.000,0.410,weak_bullish,0.5-1成
2026-05-30 07:36:07,600372,中航机载,0.000,True,0.000,0.000,0.000,neutral,0成
2026-05-30 07:36:07,605368,蓝天燃气,0.459,True,-0.600,0.000,-0.333,weak_bearish,减仓至0.5成以内
2026-05-30 07:36:07,000592,平潭发展,0.000,True,0.000,0.900,0.270,weak_bullish,0.5-1成
2026-05-30 07:36:07,603189,*ST网达,0.663,True,-0.600,0.000,-0.331,weak_bearish,减仓至0.5成以内
2026-05-30 07:36:07,603557,*ST起步,0.510,True,0.600,-0.900,-0.380,weak_bearish,减仓至0.5成以内
2026-05-30 07:36:07,688202,美迪西,-0.109,True,-0.600,0.900,-0.424,weak_bearish,减仓至0.5成以内
2026-05-30 07:36:07,601801,皖新传媒,0.652,True,0.600,0.900,0.708,strong_bullish,2-3成
2026-05-30 07:36:07,300676,华大基因,0.000,False,0.000,0.000,0.000,neutral,0成
2026-05-30 13:47:13,601801,皖新传媒,0.576,True,0.600,0.900,0.682,strong_bullish,2-3成
2026-05-30 13:47:13,603189,*ST网达,-0.600,True,-0.600,-0.900,-0.690,strong_bearish,清仓
2026-05-30 13:47:13,600372,中航机载,0.330,True,0.000,0.500,0.265,weak_bullish,0.5-1成
2026-05-30 13:47:13,000592,平潭发展,0.560,True,-0.600,0.900,-0.205,weak_bearish,减仓至0.5成以内
2026-05-30 13:47:13,000592,平潭发展,0.640,True,-0.600,0.900,-0.187,weak_bearish,减仓至0.5成以内
2026-05-30 13:47:13,601801,皖新传媒,0.240,True,0.600,0.900,0.564,strong_bullish,2-3成
2026-05-30 13:47:13,000000,测试,0.160,True,0.000,0.000,0.056,neutral,0成
2026-05-30 13:47:13,601801,皖新传媒,0.576,True,0.600,0.900,0.682,strong_bullish,2-3成
2026-05-30 13:47:13,603189,*ST网达,-0.600,True,-0.600,-0.900,-0.690,strong_bearish,清仓
2026-05-30 13:47:13,000000,测试0,0.560,True,0.600,0.900,0.676,strong_bullish,2-3成
2026-05-30 13:47:13,000001,测试1,0.560,True,0.600,0.900,0.676,strong_bullish,2-3成
2026-05-30 13:47:13,000002,测试2,0.560,True,0.600,0.900,0.676,strong_bullish,2-3成
2026-05-30 13:47:28,601801,皖新传媒,0.576,True,0.600,0.900,0.682,strong_bullish,2-3成
2026-05-30 13:47:28,603189,*ST网达,-0.600,True,-0.600,-0.900,-0.690,strong_bearish,清仓
2026-05-30 13:47:28,600372,中航机载,0.330,True,0.000,0.500,0.265,weak_bullish,0.5-1成
2026-05-30 13:47:28,000592,平潭发展,0.560,True,-0.600,0.900,-0.205,weak_bearish,减仓至0.5成以内
2026-05-30 13:47:28,000592,平潭发展,0.640,True,-0.600,0.900,-0.187,weak_bearish,减仓至0.5成以内
2026-05-30 13:47:28,601801,皖新传媒,0.240,True,0.600,0.900,0.564,strong_bullish,2-3成
2026-05-30 13:47:28,000000,测试,0.160,True,0.000,0.000,0.056,neutral,0成
2026-05-30 13:47:28,601801,皖新传媒,0.576,True,0.600,0.900,0.682,strong_bullish,2-3成
2026-05-30 13:47:28,603189,*ST网达,-0.600,True,-0.600,-0.900,-0.690,strong_bearish,清仓
2026-05-30 13:47:28,000000,测试0,0.560,True,0.600,0.900,0.676,strong_bullish,2-3成
2026-05-30 13:47:28,000001,测试1,0.560,True,0.600,0.900,0.676,strong_bullish,2-3成
2026-05-30 13:47:28,000002,测试2,0.560,True,0.600,0.900,0.676,strong_bullish,2-3成
2026-05-30 13:47:36,603189,*ST网达,-0.600,True,-0.600,-0.900,-0.690,strong_bearish,清仓
2026-05-30 13:47:53,601801,皖新传媒,0.576,True,0.600,0.900,0.682,strong_bullish,2-3成
2026-05-30 13:47:53,603189,*ST网达,-0.600,True,-0.600,-0.900,-0.690,strong_bearish,清仓
2026-05-30 13:47:53,600372,中航机载,0.330,True,0.000,0.500,0.265,weak_bullish,0.5-1成
2026-05-30 13:47:53,000592,平潭发展,0.560,True,-0.600,0.900,-0.205,weak_bearish,减仓至0.5成以内
2026-05-30 13:47:53,000592,平潭发展,0.640,True,-0.600,0.900,-0.187,weak_bearish,减仓至0.5成以内
2026-05-30 13:47:53,601801,皖新传媒,0.240,True,0.600,0.900,0.564,strong_bullish,2-3成
2026-05-30 13:47:53,000000,测试,0.160,True,0.000,0.000,0.056,neutral,0成
2026-05-30 13:47:53,601801,皖新传媒,0.576,True,0.600,0.900,0.682,strong_bullish,2-3成
2026-05-30 13:47:53,603189,*ST网达,-0.600,True,-0.600,-0.900,-0.690,strong_bearish,清仓
2026-05-30 13:47:53,000000,测试0,0.560,True,0.600,0.900,0.676,strong_bullish,2-3成
2026-05-30 13:47:53,000001,测试1,0.560,True,0.600,0.900,0.676,strong_bullish,2-3成
2026-05-30 13:47:53,000002,测试2,0.560,True,0.600,0.900,0.676,strong_bullish,2-3成
2026-05-30 13:47:58,601801,皖新传媒,0.240,True,0.600,0.900,0.564,strong_bullish,2-3成
2026-05-30 13:48:19,601801,皖新传媒,0.576,True,0.600,0.900,0.682,strong_bullish,2-3成
2026-05-30 13:48:19,603189,*ST网达,-0.600,True,-0.600,-0.900,-0.690,strong_bearish,清仓
2026-05-30 13:48:19,600372,中航机载,0.330,True,0.000,0.500,0.265,weak_bullish,0.5-1成
2026-05-30 13:48:19,000592,平潭发展,0.560,True,-0.600,0.900,-0.205,weak_bearish,减仓至0.5成以内
2026-05-30 13:48:19,000592,平潭发展,0.640,True,-0.600,0.900,-0.187,weak_bearish,减仓至0.5成以内
2026-05-30 13:48:19,601801,皖新传媒,0.240,True,0.600,0.900,0.564,strong_bullish,2-3成
2026-05-30 13:48:19,000000,测试,0.160,True,0.000,0.000,0.056,neutral,0成
2026-05-30 13:48:19,601801,皖新传媒,0.576,True,0.600,0.900,0.682,strong_bullish,2-3成
2026-05-30 13:48:19,603189,*ST网达,-0.600,True,-0.600,-0.900,-0.690,strong_bearish,清仓
2026-05-30 13:48:19,000000,测试0,0.560,True,0.600,0.900,0.676,strong_bullish,2-3成
2026-05-30 13:48:19,000001,测试1,0.560,True,0.600,0.900,0.676,strong_bullish,2-3成
2026-05-30 13:48:19,000002,测试2,0.560,True,0.600,0.900,0.676,strong_bullish,2-3成
2026-05-30 14:33:30,601801,皖新传媒,0.576,True,0.600,0.900,0.682,strong_bullish,2-3成
2026-05-30 14:33:30,603189,*ST网达,-0.600,True,-0.600,-0.900,-0.690,strong_bearish,清仓
2026-05-30 14:33:30,600372,中航机载,0.330,True,0.000,0.500,0.265,weak_bullish,0.5-1成
2026-05-30 14:33:30,000592,平潭发展,0.560,True,-0.600,0.900,-0.205,weak_bearish,减仓至0.5成以内
2026-05-30 14:33:30,000592,平潭发展,0.640,True,-0.600,0.900,-0.187,weak_bearish,减仓至0.5成以内
2026-05-30 14:33:30,601801,皖新传媒,0.240,True,0.600,0.900,0.564,strong_bullish,2-3成
2026-05-30 14:33:30,000000,测试,0.160,True,0.000,0.000,0.056,neutral,0成
2026-05-30 14:33:30,601801,皖新传媒,0.576,True,0.600,0.900,0.682,strong_bullish,2-3成
2026-05-30 14:33:30,603189,*ST网达,-0.600,True,-0.600,-0.900,-0.690,strong_bearish,清仓
2026-05-30 14:33:30,000000,测试0,0.560,True,0.600,0.900,0.676,strong_bullish,2-3成
2026-05-30 14:33:30,000001,测试1,0.560,True,0.600,0.900,0.676,strong_bullish,2-3成
2026-05-30 14:33:30,000002,测试2,0.560,True,0.600,0.900,0.676,strong_bullish,2-3成
2026-05-30 14:34:11,601801,皖新传媒,0.576,True,0.600,0.900,0.682,strong_bullish,2-3成
2026-05-30 14:34:11,603189,*ST网达,-0.600,True,-0.600,-0.900,-0.690,strong_bearish,清仓
2026-05-30 14:34:11,600372,中航机载,0.330,True,0.000,0.500,0.265,weak_bullish,0.5-1成
2026-05-30 14:34:11,000592,平潭发展,0.560,True,-0.600,0.900,-0.205,weak_bearish,减仓至0.5成以内
2026-05-30 14:34:11,000592,平潭发展,0.640,True,-0.600,0.900,-0.187,weak_bearish,减仓至0.5成以内
2026-05-30 14:34:11,601801,皖新传媒,0.240,True,0.600,0.900,0.564,strong_bullish,2-3成
2026-05-30 14:34:11,000000,测试,0.160,True,0.000,0.000,0.056,neutral,0成
2026-05-30 14:34:11,601801,皖新传媒,0.576,True,0.600,0.900,0.682,strong_bullish,2-3成
2026-05-30 14:34:11,603189,*ST网达,-0.600,True,-0.600,-0.900,-0.690,strong_bearish,清仓
2026-05-30 14:34:11,000000,测试0,0.560,True,0.600,0.900,0.676,strong_bullish,2-3成
2026-05-30 14:34:11,000001,测试1,0.560,True,0.600,0.900,0.676,strong_bullish,2-3成
2026-05-30 14:34:11,000002,测试2,0.560,True,0.600,0.900,0.676,strong_bullish,2-3成
2026-05-30 14:34:11,601801,皖新传媒,0.600,True,0.600,0.900,0.690,strong_bullish,2-3成
2026-05-30 14:34:21,601801,皖新传媒,0.576,True,0.600,0.900,0.682,strong_bullish,2-3成
2026-05-30 14:34:21,603189,*ST网达,-0.600,True,-0.600,-0.900,-0.690,strong_bearish,清仓
2026-05-30 14:34:21,600372,中航机载,0.330,True,0.000,0.500,0.265,weak_bullish,0.5-1成
2026-05-30 14:34:21,000592,平潭发展,0.560,True,-0.600,0.900,-0.205,weak_bearish,减仓至0.5成以内
2026-05-30 14:34:21,000592,平潭发展,0.640,True,-0.600,0.900,-0.187,weak_bearish,减仓至0.5成以内
2026-05-30 14:34:21,601801,皖新传媒,0.240,True,0.600,0.900,0.564,strong_bullish,2-3成
2026-05-30 14:34:21,000000,测试,0.160,True,0.000,0.000,0.056,neutral,0成
2026-05-30 14:34:21,601801,皖新传媒,0.576,True,0.600,0.900,0.682,strong_bullish,2-3成
2026-05-30 14:34:21,603189,*ST网达,-0.600,True,-0.600,-0.900,-0.690,strong_bearish,清仓
2026-05-30 14:34:21,000000,测试0,0.560,True,0.600,0.900,0.676,strong_bullish,2-3成
2026-05-30 14:34:21,000001,测试1,0.560,True,0.600,0.900,0.676,strong_bullish,2-3成
2026-05-30 14:34:21,000002,测试2,0.560,True,0.600,0.900,0.676,strong_bullish,2-3成
2026-05-30 14:34:21,601801,皖新传媒,0.600,True,0.600,0.900,0.690,strong_bullish,2-3成
2026-05-30 14:43:21,001390,古麒绒材,0.581,True,0.000,-0.500,-0.166,weak_bearish,减仓至0.5成以内
2026-05-30 14:43:21,300652,雷迪克,-0.610,True,0.000,0.500,-0.436,weak_bearish,减仓至0.5成以内
2026-05-30 14:43:21,600372,中航机载,0.312,True,0.600,-0.900,-0.296,weak_bearish,减仓至0.5成以内
2026-05-30 14:43:21,605368,蓝天燃气,0.000,True,-0.600,-0.500,-0.342,weak_bearish,减仓至0.5成以内
2026-05-30 14:43:21,000592,平潭发展,-0.604,True,0.000,0.900,-0.490,weak_bearish,减仓至0.5成以内
2026-05-30 14:43:21,603189,*ST网达,0.000,True,0.000,0.900,0.189,neutral,0成
2026-05-30 14:43:21,603557,*ST起步,-0.596,True,0.600,-0.500,-0.480,weak_bearish,减仓至0.5成以内
2026-05-30 14:43:21,688202,美迪西,-0.581,True,-0.600,-0.900,-0.655,strong_bearish,清仓
2026-05-30 14:43:21,601801,皖新传媒,0.546,True,-0.600,0.000,-0.334,weak_bearish,减仓至0.5成以内
2026-05-30 14:43:21,300676,华大基因,0.000,True,-0.600,0.900,-0.487,weak_bearish,减仓至0.5成以内
2026-05-30 14:43:33,001390,古麒绒材,0.676,True,0.600,0.900,0.717,strong_bullish,2-3成
2026-05-30 14:43:33,300652,雷迪克,0.342,True,0.000,0.000,0.120,neutral,0成
2026-05-30 14:43:33,600372,中航机载,0.574,True,0.000,-0.500,-0.237,weak_bearish,减仓至0.5成以内
2026-05-30 14:43:33,605368,蓝天燃气,-0.524,True,0.000,0.000,-0.183,weak_bearish,减仓至0.5成以内
2026-05-30 14:43:33,000592,平潭发展,-0.176,True,0.600,0.900,0.118,neutral,0成
2026-05-30 14:43:33,603189,*ST网达,0.327,True,0.000,-0.500,-0.240,weak_bearish,减仓至0.5成以内
2026-05-30 14:43:33,603557,*ST起步,-0.623,True,0.000,0.000,-0.218,weak_bearish,减仓至0.5成以内
2026-05-30 14:43:33,688202,美迪西,0.559,True,-0.600,-0.500,-0.525,strong_bearish,清仓
2026-05-30 14:43:33,601801,皖新传媒,-0.597,True,0.600,0.000,-0.329,weak_bearish,减仓至0.5成以内
2026-05-30 14:43:33,300676,华大基因,0.000,True,0.600,0.500,0.360,weak_bullish,0.5-1成
2026-05-30 14:43:42,001390,古麒绒材,-0.633,True,0.000,0.900,-0.401,weak_bearish,减仓至0.5成以内
2026-05-30 14:43:42,300652,雷迪克,-0.180,True,0.600,0.000,-0.051,neutral,0成
2026-05-30 14:43:42,600372,中航机载,0.337,True,0.000,0.500,0.268,weak_bullish,0.5-1成
2026-05-30 14:43:42,605368,蓝天燃气,-0.541,True,0.000,-0.900,-0.459,weak_bearish,减仓至0.5成以内
2026-05-30 14:43:42,000592,平潭发展,0.000,True,0.000,0.000,0.000,neutral,0成
2026-05-30 14:43:42,603189,*ST网达,0.664,True,-0.600,0.000,-0.331,weak_bearish,减仓至0.5成以内
2026-05-30 14:43:42,603557,*ST起步,0.539,True,0.000,0.000,0.189,neutral,0成
2026-05-30 14:43:42,688202,美迪西,0.580,True,0.600,0.500,0.563,strong_bullish,2-3成
2026-05-30 14:43:42,601801,皖新传媒,-0.181,True,-0.600,0.000,-0.273,weak_bearish,减仓至0.5成以内
2026-05-30 14:43:42,300676,华大基因,0.304,True,0.600,0.500,0.466,weak_bullish,0.5-1成
2026-05-30 14:51:14,001390,古麒绒材,0.317,True,0.000,0.000,0.125,neutral,0成
2026-05-30 14:51:14,300652,雷迪克,-0.581,True,0.000,0.000,-0.229,weak_bearish,减仓至0.5成以内
2026-05-30 14:51:14,600372,中航机载,-0.179,True,0.000,0.000,-0.071,neutral,0成
2026-05-30 14:51:14,605368,蓝天燃气,-0.183,True,0.000,0.000,-0.072,neutral,0成
2026-05-30 14:51:14,000592,平潭发展,-0.169,True,0.000,0.000,-0.067,neutral,0成
2026-05-30 14:51:14,603189,*ST网达,0.000,True,0.000,0.000,0.000,neutral,0成
2026-05-30 14:51:14,603557,*ST起步,0.000,True,0.000,0.000,0.000,neutral,0成
2026-05-30 14:51:14,688202,美迪西,-0.586,True,0.000,0.000,-0.232,weak_bearish,减仓至0.5成以内
2026-05-30 14:51:14,601801,皖新传媒,-0.191,True,0.000,0.000,-0.075,neutral,0成
2026-05-30 14:51:14,300676,华大基因,-0.178,True,0.000,0.000,-0.071,neutral,0成
2026-05-30 14:52:18,001390,古麒绒材,0.317,True,0.000,0.000,0.125,neutral,0成
2026-05-30 14:52:18,300652,雷迪克,-0.581,True,0.000,0.000,-0.229,weak_bearish,减仓至0.5成以内
2026-05-30 14:52:18,600372,中航机载,-0.179,True,0.000,0.000,-0.071,neutral,0成
2026-05-30 14:52:18,605368,蓝天燃气,-0.183,True,0.000,0.000,-0.072,neutral,0成
2026-05-30 14:52:18,000592,平潭发展,-0.169,True,-0.200,0.000,-0.146,weak_bearish,减仓至0.5成以内
2026-05-30 14:52:18,603189,*ST网达,0.000,True,-0.600,0.000,-0.237,weak_bearish,减仓至0.5成以内
2026-05-30 14:52:18,603557,*ST起步,0.000,True,0.000,0.000,0.000,neutral,0成
2026-05-30 14:52:18,688202,美迪西,-0.586,True,-0.200,0.000,-0.311,weak_bearish,减仓至0.5成以内
2026-05-30 14:52:18,601801,皖新传媒,-0.191,True,0.300,0.000,-0.044,neutral,0成
2026-05-30 14:52:18,300676,华大基因,-0.178,True,-0.200,0.000,-0.150,weak_bearish,减仓至0.5成以内
2026-05-30 14:52:24,001390,古麒绒材,0.622,True,-0.600,0.500,-0.268,weak_bearish,减仓至0.5成以内
2026-05-30 14:52:24,300652,雷迪克,0.546,True,0.000,-0.900,-0.395,weak_bearish,减仓至0.5成以内
2026-05-30 14:52:24,600372,中航机载,-0.632,True,-0.600,-0.900,-0.676,strong_bearish,清仓
2026-05-30 14:52:24,605368,蓝天燃气,0.341,True,0.000,-0.500,-0.179,weak_bearish,减仓至0.5成以内
2026-05-30 14:52:24,000592,平潭发展,0.353,True,-0.600,0.000,-0.347,weak_bearish,减仓至0.5成以内
2026-05-30 14:52:24,603189,*ST网达,0.567,True,0.000,0.000,0.224,weak_bullish,0.5-1成
2026-05-30 14:52:24,603557,*ST起步,-0.173,True,0.600,-0.900,-0.456,weak_bearish,减仓至0.5成以内
2026-05-30 14:52:24,688202,美迪西,-0.555,True,0.000,0.000,-0.219,weak_bearish,减仓至0.5成以内
2026-05-30 14:52:24,601801,皖新传媒,0.678,True,-0.600,0.000,-0.328,weak_bearish,减仓至0.5成以内
2026-05-30 14:52:24,300676,华大基因,0.315,True,0.600,-0.500,-0.055,neutral,0成
2026-05-30 14:54:00,001390,古麒绒材,0.317,True,0.000,0.000,0.125,neutral,0成
2026-05-30 14:54:00,300652,雷迪克,-0.581,True,0.000,0.000,-0.229,weak_bearish,减仓至0.5成以内
2026-05-30 14:54:00,600372,中航机载,-0.179,True,0.000,0.000,-0.071,neutral,0成
2026-05-30 14:54:00,605368,蓝天燃气,-0.183,True,0.000,0.000,-0.072,neutral,0成
2026-05-30 14:54:00,000592,平潭发展,-0.169,True,-0.200,0.000,-0.146,weak_bearish,减仓至0.5成以内
2026-05-30 14:54:00,603189,*ST网达,0.000,True,-0.600,0.000,-0.237,weak_bearish,减仓至0.5成以内
2026-05-30 14:54:00,603557,*ST起步,0.000,True,0.000,0.000,0.000,neutral,0成
2026-05-30 14:54:00,688202,美迪西,-0.586,True,-0.200,0.000,-0.311,weak_bearish,减仓至0.5成以内
2026-05-30 14:54:00,601801,皖新传媒,-0.191,True,0.300,0.000,-0.044,neutral,0成
2026-05-30 14:54:00,300676,华大基因,-0.178,True,-0.200,0.000,-0.150,weak_bearish,减仓至0.5成以内
2026-05-30 14:55:33,001390,古麒绒材,0.317,True,0.000,0.000,0.125,neutral,0成
2026-05-30 14:55:33,300652,雷迪克,-0.581,True,0.000,-0.500,-0.334,weak_bearish,减仓至0.5成以内
2026-05-30 14:55:33,600372,中航机载,-0.179,True,0.000,0.000,-0.071,neutral,0成
2026-05-30 14:55:33,605368,蓝天燃气,-0.183,True,0.000,-0.500,-0.177,weak_bearish,减仓至0.5成以内
2026-05-30 14:55:33,000592,平潭发展,-0.169,True,-0.200,0.000,-0.146,weak_bearish,减仓至0.5成以内
2026-05-30 14:55:33,603189,*ST网达,0.000,True,-0.600,0.000,-0.237,weak_bearish,减仓至0.5成以内
2026-05-30 14:55:33,603557,*ST起步,0.000,True,0.000,-0.500,-0.105,weak_bearish,减仓至0.5成以内
2026-05-30 14:55:33,688202,美迪西,-0.586,True,-0.200,0.000,-0.311,weak_bearish,减仓至0.5成以内
2026-05-30 14:55:33,601801,皖新传媒,-0.191,True,0.300,-0.500,-0.257,weak_bearish,减仓至0.5成以内
2026-05-30 14:55:33,300676,华大基因,-0.178,True,-0.200,0.000,-0.150,weak_bearish,减仓至0.5成以内
2026-05-30 14:56:41,001390,古麒绒材,0.317,True,0.000,0.000,0.125,neutral,0成
2026-05-30 14:56:41,300652,雷迪克,-0.581,True,0.000,-0.500,-0.334,weak_bearish,减仓至0.5成以内
2026-05-30 14:56:41,600372,中航机载,-0.179,True,0.000,0.000,-0.071,neutral,0成
2026-05-30 14:56:41,605368,蓝天燃气,-0.183,True,0.000,-0.500,-0.177,weak_bearish,减仓至0.5成以内
2026-05-30 14:56:41,000592,平潭发展,-0.169,True,-0.200,0.000,-0.146,weak_bearish,减仓至0.5成以内
2026-05-30 14:56:41,603189,*ST网达,0.000,True,-0.600,0.000,-0.237,weak_bearish,减仓至0.5成以内
2026-05-30 14:56:41,603557,*ST起步,0.000,True,0.000,-0.500,-0.105,weak_bearish,减仓至0.5成以内
2026-05-30 14:56:41,688202,美迪西,-0.586,True,-0.200,0.000,-0.311,weak_bearish,减仓至0.5成以内
2026-05-30 14:56:41,601801,皖新传媒,-0.191,True,0.300,-0.500,-0.257,weak_bearish,减仓至0.5成以内
2026-05-30 14:56:41,300676,华大基因,-0.178,True,-0.200,0.000,-0.150,weak_bearish,减仓至0.5成以内
2026-05-30 15:00:26,001390,古麒绒材,0.317,True,0.000,0.000,0.125,neutral,0成
2026-05-30 15:00:26,300652,雷迪克,-0.581,True,0.000,-0.500,-0.334,weak_bearish,减仓至0.5成以内
2026-05-30 15:00:26,600372,中航机载,-0.179,True,0.000,0.000,-0.071,neutral,0成
2026-05-30 15:00:26,605368,蓝天燃气,-0.183,True,0.000,-0.500,-0.177,weak_bearish,减仓至0.5成以内
2026-05-30 15:00:26,000592,平潭发展,-0.169,True,-0.200,0.000,-0.146,weak_bearish,减仓至0.5成以内
2026-05-30 15:00:26,603189,*ST网达,0.000,True,-0.600,0.000,-0.237,weak_bearish,减仓至0.5成以内
2026-05-30 15:00:26,603557,*ST起步,0.000,True,0.000,-0.500,-0.105,weak_bearish,减仓至0.5成以内
2026-05-30 15:00:26,688202,美迪西,-0.586,True,-0.200,0.000,-0.311,weak_bearish,减仓至0.5成以内
2026-05-30 15:00:26,601801,皖新传媒,-0.191,True,0.300,-0.500,-0.257,weak_bearish,减仓至0.5成以内
2026-05-30 15:00:26,300676,华大基因,-0.178,True,-0.200,0.000,-0.150,weak_bearish,减仓至0.5成以内
2026-05-30 15:03:41,001390,古麒绒材,0.317,True,0.000,0.000,0.125,neutral,0成
2026-05-30 15:03:41,300652,雷迪克,-0.581,True,0.000,-0.500,-0.334,weak_bearish,减仓至0.5成以内
2026-05-30 15:03:41,600372,中航机载,-0.179,True,0.000,0.000,-0.071,neutral,0成
2026-05-30 15:03:41,605368,蓝天燃气,-0.183,True,0.000,-0.500,-0.177,weak_bearish,减仓至0.5成以内
2026-05-30 15:03:41,000592,平潭发展,-0.169,True,-0.200,0.000,-0.146,weak_bearish,减仓至0.5成以内
2026-05-30 15:03:41,603189,*ST网达,0.000,True,-0.600,0.000,-0.237,weak_bearish,减仓至0.5成以内
2026-05-30 15:03:41,603557,*ST起步,0.000,True,0.000,-0.500,-0.105,weak_bearish,减仓至0.5成以内
2026-05-30 15:03:41,688202,美迪西,-0.586,True,-0.200,0.000,-0.311,weak_bearish,减仓至0.5成以内
2026-05-30 15:03:41,601801,皖新传媒,-0.191,True,0.300,-0.500,-0.257,weak_bearish,减仓至0.5成以内
2026-05-30 15:03:41,300676,华大基因,-0.178,True,-0.200,0.000,-0.150,weak_bearish,减仓至0.5成以内
2026-05-30 15:11:23,601801,皖新传媒,0.576,True,0.600,0.900,0.682,strong_bullish,2-3成
2026-05-30 15:11:23,603189,*ST网达,-0.600,True,-0.600,-0.900,-0.690,strong_bearish,清仓
2026-05-30 15:11:23,600372,中航机载,0.330,True,0.000,0.500,0.265,weak_bullish,0.5-1成
2026-05-30 15:11:23,000592,平潭发展,0.560,True,-0.600,0.900,-0.205,weak_bearish,减仓至0.5成以内
2026-05-30 15:11:23,000592,平潭发展,0.640,True,-0.600,0.900,-0.187,weak_bearish,减仓至0.5成以内
2026-05-30 15:11:23,601801,皖新传媒,0.240,True,0.600,0.900,0.564,strong_bullish,2-3成
2026-05-30 15:11:23,000000,测试,0.160,True,0.000,0.000,0.056,neutral,0成
2026-05-30 15:11:23,601801,皖新传媒,0.576,True,0.600,0.900,0.682,strong_bullish,2-3成
2026-05-30 15:11:23,603189,*ST网达,-0.600,True,-0.600,-0.900,-0.690,strong_bearish,清仓
2026-05-30 15:11:23,000000,测试0,0.560,True,0.600,0.900,0.676,strong_bullish,2-3成
2026-05-30 15:11:23,000001,测试1,0.560,True,0.600,0.900,0.676,strong_bullish,2-3成
2026-05-30 15:11:23,000002,测试2,0.560,True,0.600,0.900,0.676,strong_bullish,2-3成
2026-05-30 15:11:23,601801,皖新传媒,0.600,True,0.600,0.900,0.690,strong_bullish,2-3成
2026-05-30 15:13:43,001390,古麒绒材,0.317,True,0.000,0.000,0.125,neutral,0成
2026-05-30 15:13:43,300652,雷迪克,-0.581,True,0.000,-0.500,-0.334,weak_bearish,减仓至0.5成以内
2026-05-30 15:13:43,600372,中航机载,-0.179,True,0.000,0.000,-0.071,neutral,0成
2026-05-30 15:13:43,605368,蓝天燃气,-0.183,True,0.000,-0.500,-0.177,weak_bearish,减仓至0.5成以内
2026-05-30 15:13:43,000592,平潭发展,-0.169,True,-0.200,0.000,-0.146,weak_bearish,减仓至0.5成以内
2026-05-30 15:13:43,603189,*ST网达,0.000,True,-0.600,0.000,-0.237,weak_bearish,减仓至0.5成以内
2026-05-30 15:13:43,603557,*ST起步,0.000,True,0.000,-0.500,-0.105,weak_bearish,减仓至0.5成以内
2026-05-30 15:13:43,688202,美迪西,-0.586,True,-0.200,0.000,-0.311,weak_bearish,减仓至0.5成以内
2026-05-30 15:13:43,601801,皖新传媒,-0.191,True,0.300,-0.500,-0.257,weak_bearish,减仓至0.5成以内
2026-05-30 15:13:43,300676,华大基因,-0.178,True,-0.200,0.000,-0.150,weak_bearish,减仓至0.5成以内
2026-05-30 15:13:43,601801,皖新传媒,0.576,True,0.600,0.900,0.682,strong_bullish,2-3成
2026-05-30 15:13:43,603189,*ST网达,-0.600,True,-0.600,-0.900,-0.690,strong_bearish,清仓
2026-05-30 15:13:43,600372,中航机载,0.330,True,0.000,0.500,0.265,weak_bullish,0.5-1成
2026-05-30 15:13:43,000592,平潭发展,0.560,True,-0.600,0.900,-0.205,weak_bearish,减仓至0.5成以内
2026-05-30 15:13:43,000592,平潭发展,0.640,True,-0.600,0.900,-0.187,weak_bearish,减仓至0.5成以内
2026-05-30 15:13:43,601801,皖新传媒,0.240,True,0.600,0.900,0.564,strong_bullish,2-3成
2026-05-30 15:13:43,000000,测试,0.160,True,0.000,0.000,0.056,neutral,0成
2026-05-30 15:13:43,601801,皖新传媒,0.576,True,0.600,0.900,0.682,strong_bullish,2-3成
2026-05-30 15:13:43,603189,*ST网达,-0.600,True,-0.600,-0.900,-0.690,strong_bearish,清仓
2026-05-30 15:13:43,000000,测试0,0.560,True,0.600,0.900,0.676,strong_bullish,2-3成
2026-05-30 15:13:43,000001,测试1,0.560,True,0.600,0.900,0.676,strong_bullish,2-3成
2026-05-30 15:13:43,000002,测试2,0.560,True,0.600,0.900,0.676,strong_bullish,2-3成
2026-05-30 15:13:44,601801,皖新传媒,0.600,True,0.600,0.900,0.690,strong_bullish,2-3成
2026-05-30 15:22:08,601801,皖新传媒,0.504,True,0.600,0.650,0.581,strong_bullish,2-3成
2026-05-30 15:22:08,603189,*ST网达,-0.525,True,-0.600,-0.650,-0.589,strong_bearish,清仓
2026-05-30 15:22:08,600372,中航机载,0.300,True,0.000,0.450,0.240,weak_bullish,0.5-1成
2026-05-30 15:22:08,000592,平潭发展,0.490,True,-0.600,0.650,-0.231,weak_bearish,减仓至0.5成以内
2026-05-30 15:22:08,000592,平潭发展,0.560,True,-0.600,0.650,-0.218,weak_bearish,减仓至0.5成以内
2026-05-30 15:22:08,601801,皖新传媒,0.210,True,0.600,0.650,0.478,weak_bullish,0.5-1成
2026-05-30 15:22:08,000000,测试,0.140,True,0.000,0.000,0.049,neutral,0成
2026-05-30 15:22:08,601801,皖新传媒,0.504,True,0.600,0.650,0.581,strong_bullish,2-3成
2026-05-30 15:22:08,603189,*ST网达,-0.525,True,-0.600,-0.650,-0.589,strong_bearish,清仓
2026-05-30 15:22:08,000000,测试0,0.490,True,0.600,0.650,0.577,strong_bullish,2-3成
2026-05-30 15:22:08,000001,测试1,0.490,True,0.600,0.650,0.577,strong_bullish,2-3成
2026-05-30 15:22:08,000002,测试2,0.490,True,0.600,0.650,0.577,strong_bullish,2-3成
2026-05-30 15:22:08,601801,皖新传媒,0.525,True,0.600,0.650,0.589,strong_bullish,2-3成
2026-05-30 15:22:26,601801,皖新传媒,0.504,True,0.450,0.650,0.529,strong_bullish,2-3成
2026-05-30 15:22:26,603189,*ST网达,-0.525,True,-0.600,-0.650,-0.589,strong_bearish,清仓
2026-05-30 15:22:26,600372,中航机载,0.300,True,0.000,0.450,0.240,weak_bullish,0.5-1成
2026-05-30 15:22:26,000592,平潭发展,0.490,True,-0.600,0.650,-0.231,weak_bearish,减仓至0.5成以内
2026-05-30 15:22:26,000592,平潭发展,0.560,True,-0.600,0.650,-0.218,weak_bearish,减仓至0.5成以内
2026-05-30 15:22:26,601801,皖新传媒,0.210,True,0.450,0.650,0.426,weak_bullish,0.5-1成
2026-05-30 15:22:26,000000,测试,0.140,True,0.000,0.000,0.049,neutral,0成
2026-05-30 15:22:26,601801,皖新传媒,0.504,True,0.450,0.650,0.529,strong_bullish,2-3成
2026-05-30 15:22:26,603189,*ST网达,-0.525,True,-0.600,-0.650,-0.589,strong_bearish,清仓
2026-05-30 15:22:26,000000,测试0,0.490,True,0.450,0.650,0.524,strong_bullish,2-3成
2026-05-30 15:22:26,000001,测试1,0.490,True,0.450,0.650,0.524,strong_bullish,2-3成
2026-05-30 15:22:26,000002,测试2,0.490,True,0.450,0.650,0.524,strong_bullish,2-3成
2026-05-30 15:22:26,601801,皖新传媒,0.525,True,0.650,0.650,0.606,strong_bullish,2-3成
2026-05-30 15:22:37,601801,皖新传媒,0.504,True,0.450,0.650,0.529,strong_bullish,2-3成
2026-05-30 15:22:37,603189,*ST网达,-0.525,True,-0.600,-0.650,-0.589,strong_bearish,清仓
2026-05-30 15:22:37,600372,中航机载,0.300,True,0.000,0.450,0.240,weak_bullish,0.5-1成
2026-05-30 15:22:37,000592,平潭发展,0.490,True,-0.600,0.650,-0.231,weak_bearish,减仓至0.5成以内
2026-05-30 15:22:37,000592,平潭发展,0.560,True,-0.600,0.650,-0.218,weak_bearish,减仓至0.5成以内
2026-05-30 15:22:37,601801,皖新传媒,0.210,True,0.450,0.650,0.426,weak_bullish,0.5-1成
2026-05-30 15:22:37,000000,测试,0.140,True,0.000,0.000,0.049,neutral,0成
2026-05-30 15:22:37,601801,皖新传媒,0.504,True,0.450,0.650,0.529,strong_bullish,2-3成
2026-05-30 15:22:37,603189,*ST网达,-0.525,True,-0.600,-0.650,-0.589,strong_bearish,清仓
2026-05-30 15:22:37,000000,测试0,0.490,True,0.450,0.650,0.524,strong_bullish,2-3成
2026-05-30 15:22:37,000001,测试1,0.490,True,0.450,0.650,0.524,strong_bullish,2-3成
2026-05-30 15:22:37,000002,测试2,0.490,True,0.450,0.650,0.524,strong_bullish,2-3成
2026-05-30 15:22:37,601801,皖新传媒,0.525,True,0.650,0.650,0.606,strong_bullish,2-3成
2026-05-30 15:22:45,001390,古麒绒材,0.288,True,0.000,0.000,0.114,neutral,0成
2026-05-30 15:22:45,300652,雷迪克,-0.508,True,0.000,-0.450,-0.295,weak_bearish,减仓至0.5成以内
2026-05-30 15:22:45,600372,中航机载,-0.179,True,0.000,0.000,-0.071,neutral,0成
2026-05-30 15:22:45,605368,蓝天燃气,-0.183,True,0.000,-0.450,-0.167,weak_bearish,减仓至0.5成以内
2026-05-30 15:22:45,000592,平潭发展,-0.169,True,-0.200,0.000,-0.146,weak_bearish,减仓至0.5成以内
2026-05-30 15:22:45,603189,*ST网达,0.000,True,-0.600,0.000,-0.237,weak_bearish,减仓至0.5成以内
2026-05-30 15:22:45,603557,*ST起步,0.000,True,0.000,-0.450,-0.095,neutral,0成
2026-05-30 15:22:45,688202,美迪西,-0.513,True,-0.200,0.000,-0.282,weak_bearish,减仓至0.5成以内
2026-05-30 15:22:45,601801,皖新传媒,-0.191,True,0.250,-0.450,-0.232,weak_bearish,减仓至0.5成以内
2026-05-30 15:22:45,300676,华大基因,-0.178,True,-0.200,0.000,-0.150,weak_bearish,减仓至0.5成以内
2026-05-30 15:35:02,601801,皖新传媒,1.320,True,0.132,2.300,1.198,cautious_bullish,0.5-1成
2026-05-30 15:35:02,603189,*ST网达,-1.500,True,-2.300,-2.300,-2.020,bearish,大幅减仓
2026-05-30 15:35:02,600372,中航机载,0.600,True,-0.088,1.300,0.569,cautious_bullish,0.5-1成
2026-05-30 15:35:02,000592,平潭发展,1.200,True,-2.260,2.300,-1.413,cautious_bearish,减仓至0.5成以内
2026-05-30 15:35:02,000592,平潭发展,1.800,True,-2.340,2.300,-1.394,cautious_bearish,减仓至0.5成以内
2026-05-30 15:35:02,601801,皖新传媒,-1.200,True,0.090,2.300,-0.833,cautious_bearish,减仓至0.5成以内
2026-05-30 15:35:02,000000,测试,-1.800,True,-0.100,0.000,-0.665,cautious_bearish,减仓至0.5成以内
2026-05-30 15:35:02,601801,皖新传媒,1.320,True,0.132,2.300,1.198,cautious_bullish,0.5-1成
2026-05-30 15:35:02,603189,*ST网达,-1.500,True,-2.300,-2.300,-2.020,bearish,大幅减仓
2026-05-30 15:35:02,000000,测试0,1.200,True,0.090,2.300,1.141,cautious_bullish,0.5-1成
2026-05-30 15:35:02,000001,测试1,1.200,True,0.090,2.300,1.141,cautious_bullish,0.5-1成
2026-05-30 15:35:02,000002,测试2,1.200,True,0.090,2.300,1.141,cautious_bullish,0.5-1成
2026-05-30 15:35:08,601801,皖新传媒,1.320,True,0.132,2.300,1.198,cautious_bullish,0.5-1成
2026-05-30 15:35:08,603189,*ST网达,-1.500,True,-2.300,-2.300,-2.020,bearish,大幅减仓
2026-05-30 15:35:08,600372,中航机载,0.600,True,-0.088,1.300,0.569,cautious_bullish,0.5-1成
2026-05-30 15:35:08,000592,平潭发展,1.200,True,-2.260,2.300,-1.413,cautious_bearish,减仓至0.5成以内
2026-05-30 15:35:08,000592,平潭发展,1.800,True,-2.340,2.300,-1.394,cautious_bearish,减仓至0.5成以内
2026-05-30 15:35:08,601801,皖新传媒,-1.200,True,0.090,2.300,-0.833,cautious_bearish,减仓至0.5成以内
2026-05-30 15:35:08,000000,测试,-1.800,True,-0.100,0.000,-0.665,cautious_bearish,减仓至0.5成以内
2026-05-30 15:35:08,601801,皖新传媒,1.320,True,0.132,2.300,1.198,cautious_bullish,0.5-1成
2026-05-30 15:35:08,603189,*ST网达,-1.500,True,-2.300,-2.300,-2.020,bearish,大幅减仓
2026-05-30 15:35:08,000000,测试0,1.200,True,0.090,2.300,1.141,cautious_bullish,0.5-1成
2026-05-30 15:35:08,000001,测试1,1.200,True,0.090,2.300,1.141,cautious_bullish,0.5-1成
2026-05-30 15:35:08,000002,测试2,1.200,True,0.090,2.300,1.141,cautious_bullish,0.5-1成
2026-05-30 15:36:22,601801,皖新传媒,1.500,True,2.440,2.300,2.069,bullish,1-2成
2026-05-30 15:36:42,601801,皖新传媒,1.500,True,2.440,2.300,2.069,bullish,1-2成
2026-05-30 15:36:51,601801,皖新传媒,1.500,True,2.440,2.300,2.069,bullish,1-2成
2026-05-30 15:36:59,601801,测试,0.456,True,0.030,0.000,0.170,neutral,0成
2026-05-30 15:36:59,000592,平潭发展,-1.500,True,-2.300,-2.300,-2.020,bearish,大幅减仓
2026-05-30 16:22:25,601801,皖新传媒,1.500,True,2.440,2.300,2.116,bullish,1-2成
2026-05-30 16:22:45,601801,皖新传媒,1.500,True,2.440,2.300,2.116,bullish,1-2成
2026-05-30 16:32:19,601801,皖新传媒,1.500,True,2.440,2.300,2.116,bullish,1-2成
2026-05-30 16:52:09,601801,皖新传媒,1.500,True,2.440,2.300,2.116,bullish,1-2成
2026-05-30 16:54:23,601801,皖新传媒,1.500,True,2.440,2.300,2.116,bullish,1-2成
2026-05-30 16:56:11,601801,皖新传媒,1.500,True,2.440,2.300,2.116,bullish,1-2成
2026-05-30 16:57:00,601801,皖新传媒,1.500,True,2.440,2.300,2.116,bullish,1-2成
2026-05-30 16:57:56,001390,古麒绒材,0.456,True,-0.124,0.000,0.102,neutral,0成
2026-05-30 16:57:56,300652,雷迪克,-1.356,True,-0.112,-1.300,-0.791,cautious_bearish,减仓至0.5成以内
2026-05-30 16:57:56,600372,中航机载,-0.582,True,-0.048,0.000,-0.222,neutral,0成
2026-05-30 16:57:56,605368,蓝天燃气,-0.660,True,-0.142,-1.300,-0.564,cautious_bearish,减仓至0.5成以内
2026-05-30 16:57:56,000592,平潭发展,-0.390,True,-0.172,0.000,-0.211,neutral,0成
2026-05-30 16:57:56,603189,*ST网达,0.150,True,-2.228,0.000,-0.940,cautious_bearish,减仓至0.5成以内
2026-05-30 16:57:56,603557,*ST起步,0.072,True,-0.130,-1.300,-0.306,neutral,0成
2026-05-30 16:57:56,688202,美迪西,-1.398,True,-0.172,0.000,-0.559,cautious_bearish,减仓至0.5成以内
2026-05-30 16:57:56,601801,皖新传媒,-0.816,True,0.012,-1.300,-0.549,cautious_bearish,减仓至0.5成以内
2026-05-30 16:57:56,300676,华大基因,-0.570,True,-0.202,0.000,-0.287,neutral,0成
2026-05-30 16:58:05,001390,古麒绒材,0.456,True,-0.124,0.000,0.102,neutral,0成
2026-05-30 16:58:05,300652,雷迪克,-1.356,True,-0.112,-1.300,-0.791,cautious_bearish,减仓至0.5成以内
2026-05-30 16:58:05,600372,中航机载,-0.582,True,-0.048,0.000,-0.222,neutral,0成
2026-05-30 16:58:05,605368,蓝天燃气,-0.660,True,-0.142,-1.300,-0.564,cautious_bearish,减仓至0.5成以内
2026-05-30 16:58:05,000592,平潭发展,-0.390,True,-0.172,0.000,-0.211,neutral,0成
2026-05-30 16:58:05,603189,*ST网达,0.150,True,-2.228,0.000,-0.940,cautious_bearish,减仓至0.5成以内
2026-05-30 16:58:05,603557,*ST起步,0.072,True,-0.130,-1.300,-0.306,neutral,0成
2026-05-30 16:58:05,688202,美迪西,-1.398,True,-0.172,0.000,-0.559,cautious_bearish,减仓至0.5成以内
2026-05-30 16:58:05,601801,皖新传媒,-0.816,True,0.012,-1.300,-0.549,cautious_bearish,减仓至0.5成以内
2026-05-30 16:58:05,300676,华大基因,-0.570,True,-0.202,0.000,-0.287,neutral,0成
2026-05-30 16:58:14,001390,古麒绒材,0.456,True,-0.124,0.000,0.102,neutral,0成
2026-05-30 16:58:14,300652,雷迪克,-1.356,True,-0.112,-1.300,-0.791,cautious_bearish,减仓至0.5成以内
2026-05-30 16:58:14,600372,中航机载,-0.582,True,-0.048,0.000,-0.222,neutral,0成
2026-05-30 16:58:14,605368,蓝天燃气,-0.660,True,-0.142,-1.300,-0.564,cautious_bearish,减仓至0.5成以内
2026-05-30 16:58:14,000592,平潭发展,-0.390,True,-0.172,0.000,-0.211,neutral,0成
2026-05-30 16:58:14,603189,*ST网达,0.150,True,-2.228,0.000,-0.940,cautious_bearish,减仓至0.5成以内
2026-05-30 16:58:14,603557,*ST起步,0.072,True,-0.130,-1.300,-0.306,neutral,0成
2026-05-30 16:58:14,688202,美迪西,-1.398,True,-0.172,0.000,-0.559,cautious_bearish,减仓至0.5成以内
2026-05-30 16:58:14,601801,皖新传媒,-0.816,True,0.012,-1.300,-0.549,cautious_bearish,减仓至0.5成以内
2026-05-30 16:58:14,300676,华大基因,-0.570,True,-0.202,0.000,-0.287,neutral,0成
2026-05-30 17:01:00,601801,皖新传媒,1.500,True,2.440,2.300,2.116,bullish,1-2成
2026-05-30 17:07:11,601801,皖新传媒,1.500,True,2.440,2.300,2.116,bullish,1-2成
2026-05-30 17:11:47,601801,皖新传媒,1.500,True,2.440,2.300,2.116,bullish,1-2成
2026-05-30 17:15:07,601801,皖新传媒,1.500,True,2.440,2.300,2.116,bullish,1-2成
2026-05-30 17:18:14,601801,皖新传媒,1.500,True,2.440,2.300,2.116,bullish,1-2成
2026-05-30 17:20:11,601801,皖新传媒,1.500,True,2.440,2.300,2.116,bullish,1-2成
2026-05-30 17:22:02,601801,皖新传媒,1.500,True,2.440,2.300,2.116,bullish,1-2成
2026-05-30 17:23:44,601801,皖新传媒,1.500,True,2.440,2.300,2.116,bullish,1-2成
2026-05-30 17:28:35,001390,古麒绒材,0.630,True,-2.244,1.300,-1.753,bearish,减仓至0.5成以内
2026-05-30 17:28:35,300652,雷迪克,1.968,True,0.072,0.000,0.711,cautious_bullish,0.5-1成
2026-05-30 17:28:35,600372,中航机载,1.650,True,0.150,-1.300,-0.482,neutral,0成
2026-05-30 17:28:35,605368,蓝天燃气,1.812,True,-0.076,2.300,1.074,cautious_bullish,0.5-1成
2026-05-30 17:28:35,000592,平潭发展,0.546,True,0.096,2.300,0.714,cautious_bullish,0.5-1成
2026-05-30 17:28:35,603189,*ST网达,-1.734,True,-2.244,1.300,-2.601,strong_bearish,清仓
2026-05-30 17:28:35,603557,*ST起步,1.416,True,0.066,-2.300,-1.208,cautious_bearish,减仓至0.5成以内
2026-05-30 17:28:35,688202,美迪西,0.102,True,0.120,2.300,0.572,cautious_bullish,0.5-1成
2026-05-30 17:28:35,601801,皖新传媒,1.992,True,-0.148,-2.300,-1.364,cautious_bearish,减仓至0.5成以内
2026-05-30 17:28:35,300676,华大基因,-0.750,True,0.066,1.300,-0.368,neutral,0成
2026-05-30 17:35:50,601801,皖新传媒,1.500,True,2.440,2.300,2.116,bullish,1-2成
2026-05-30 17:37:03,601801,皖新传媒,1.500,True,2.440,2.300,2.116,bullish,1-2成
2026-05-30 17:37:42,601801,皖新传媒,1.500,True,2.440,2.300,2.116,bullish,1-2成
2026-05-30 17:39:13,001390,古麒绒材,0.456,True,-0.124,0.000,0.102,neutral,0成
2026-05-30 17:39:13,300652,雷迪克,-1.356,True,-0.112,0.000,-0.518,cautious_bearish,减仓至0.5成以内
2026-05-30 17:39:13,600372,中航机载,-0.582,True,-0.048,0.000,-0.222,neutral,0成
2026-05-30 17:39:13,605368,蓝天燃气,-0.660,True,-0.142,0.000,-0.291,neutral,0成
2026-05-30 17:39:13,000592,平潭发展,-0.390,True,-0.172,0.000,-0.211,neutral,0成
2026-05-30 17:39:13,603189,*ST网达,0.150,True,-2.228,0.000,-0.940,cautious_bearish,减仓至0.5成以内
2026-05-30 17:39:13,603557,*ST起步,0.072,True,-0.130,0.000,-0.033,neutral,0成
2026-05-30 17:39:13,688202,美迪西,-1.398,True,-0.172,0.000,-0.559,cautious_bearish,减仓至0.5成以内
2026-05-30 17:39:13,601801,皖新传媒,-0.816,True,0.012,0.000,-0.276,neutral,0成
2026-05-30 17:39:13,300676,华大基因,-0.570,True,-0.202,0.000,-0.287,neutral,0成
2026-05-30 17:39:19,601801,皖新传媒,1.500,True,2.440,2.300,2.116,bullish,1-2成
2026-05-30 17:40:04,001390,古麒绒材,1.134,True,-0.058,0.000,0.365,neutral,0成
2026-05-30 17:40:04,300652,雷迪克,0.990,True,0.144,0.000,0.406,neutral,0成
2026-05-30 17:40:04,600372,中航机载,-1.296,True,0.090,0.000,-0.407,neutral,0成
2026-05-30 17:40:04,605368,蓝天燃气,-1.464,True,-2.244,2.300,-2.801,strong_bearish,清仓
2026-05-30 17:40:04,000592,平潭发展,0.846,True,0.162,0.000,0.364,neutral,0成
2026-05-30 17:40:04,603189,*ST网达,0.798,True,-0.052,1.300,0.525,cautious_bullish,0.5-1成
2026-05-30 17:40:04,603557,*ST起步,1.506,True,-2.212,2.300,-1.742,bearish,减仓至0.5成以内
2026-05-30 17:40:04,688202,美迪西,-0.720,True,-0.100,-1.300,-0.566,cautious_bearish,减仓至0.5成以内
2026-05-30 17:40:04,601801,皖新传媒,1.746,True,0.150,2.300,1.152,cautious_bullish,0.5-1成
2026-05-30 17:40:04,300676,华大基因,-1.626,True,0.084,-2.300,-1.007,cautious_bearish,减仓至0.5成以内
2026-05-30 17:40:57,001390,古麒绒材,-0.720,True,-0.064,0.000,-0.277,neutral,0成
2026-05-30 17:40:57,300652,雷迪克,1.842,True,0.144,2.300,1.183,cautious_bullish,0.5-1成
2026-05-30 17:40:57,600372,中航机载,1.008,True,-2.188,1.300,-1.649,bearish,减仓至0.5成以内
2026-05-30 17:40:57,605368,蓝天燃气,1.302,True,0.078,2.300,0.967,cautious_bullish,0.5-1成
2026-05-30 17:40:57,000592,平潭发展,-0.006,True,-0.082,-1.300,-0.312,neutral,0成
2026-05-30 17:40:57,603189,*ST网达,-0.360,True,-2.228,1.300,-1.972,bearish,减仓至0.5成以内
2026-05-30 17:40:57,603557,*ST起步,-0.132,True,-0.100,0.000,-0.090,neutral,0成
2026-05-30 17:40:57,688202,美迪西,-0.936,True,-0.106,-1.300,-0.643,cautious_bearish,减仓至0.5成以内
2026-05-30 17:40:57,601801,皖新传媒,1.116,True,-0.094,0.000,0.343,neutral,0成
2026-05-30 17:40:57,300676,华大基因,-1.656,True,-0.100,1.300,-1.192,cautious_bearish,减仓至0.5成以内
2026-05-30 17:42:29,001390,古麒绒材,0.456,True,-0.100,0.000,0.113,neutral,0成
2026-05-30 17:42:29,300652,雷迪克,-1.356,True,-0.100,-1.300,-0.785,cautious_bearish,减仓至0.5成以内
2026-05-30 17:42:29,600372,中航机载,-0.582,True,-0.100,0.000,-0.245,neutral,0成
2026-05-30 17:42:29,605368,蓝天燃气,-0.660,True,-0.100,-1.300,-0.545,cautious_bearish,减仓至0.5成以内
2026-05-30 17:42:29,000592,平潭发展,-0.390,True,-0.100,0.000,-0.179,neutral,0成
2026-05-30 17:42:29,603189,*ST网达,0.150,True,-0.100,0.000,0.007,neutral,0成
2026-05-30 17:42:29,603557,*ST起步,0.072,True,-0.100,-1.300,-0.293,neutral,0成
2026-05-30 17:42:29,688202,美迪西,-1.398,True,-0.100,0.000,-0.527,cautious_bearish,减仓至0.5成以内
2026-05-30 17:42:29,601801,皖新传媒,-0.816,True,-0.100,-1.300,-0.599,cautious_bearish,减仓至0.5成以内
2026-05-30 17:42:29,300676,华大基因,-0.570,True,-0.100,0.000,-0.241,neutral,0成
2026-05-30 17:52:51,601801,皖新传媒,1.500,True,2.440,2.300,2.116,bullish,1-2成
2026-05-30 17:53:30,001390,古麒绒材,0.456,True,-0.100,0.000,0.113,neutral,0成
2026-05-30 17:53:30,300652,雷迪克,-1.356,True,-0.100,-1.300,-0.785,cautious_bearish,减仓至0.5成以内
2026-05-30 17:53:30,600372,中航机载,-0.582,True,-0.100,0.000,-0.245,neutral,0成
2026-05-30 17:53:30,605368,蓝天燃气,-0.660,True,-0.100,-1.300,-0.545,cautious_bearish,减仓至0.5成以内
2026-05-30 17:53:30,000592,平潭发展,-0.390,True,-0.100,0.000,-0.179,neutral,0成
2026-05-30 17:53:30,603189,*ST网达,0.150,True,-0.100,0.000,0.007,neutral,0成
2026-05-30 17:53:30,603557,*ST起步,0.072,True,-0.100,-1.300,-0.293,neutral,0成
2026-05-30 17:53:30,688202,美迪西,-1.398,True,-0.100,0.000,-0.527,cautious_bearish,减仓至0.5成以内
2026-05-30 17:53:30,601801,皖新传媒,-0.816,True,-0.100,-1.300,-0.599,cautious_bearish,减仓至0.5成以内
2026-05-30 17:53:30,300676,华大基因,-0.570,True,-0.100,0.000,-0.241,neutral,0成
2026-06-01 09:00:15,001390,古麒绒材,0.456,True,-0.100,0.000,0.097,neutral,0成
2026-06-01 09:00:15,300652,雷迪克,-1.356,True,-0.100,0.000,-0.447,neutral,0成
2026-06-01 09:00:15,600372,中航机载,-0.582,True,-0.100,0.000,-0.215,neutral,0成
2026-06-01 09:00:15,605368,蓝天燃气,-0.660,True,-0.100,0.000,-0.238,neutral,0成
2026-06-01 09:00:15,000592,平潭发展,-0.390,True,-0.100,0.000,-0.157,neutral,0成
2026-06-01 09:00:15,603189,*ST网达,0.150,True,-0.100,0.000,0.005,neutral,0成
2026-06-01 09:00:15,603557,*ST起步,0.072,True,-0.100,0.000,-0.018,neutral,0成
2026-06-01 09:00:15,688202,美迪西,-1.398,True,-0.100,0.000,-0.459,neutral,0成
2026-06-01 09:00:15,601801,皖新传媒,-0.816,True,-0.100,0.000,-0.285,neutral,0成
2026-06-01 09:00:15,300676,华大基因,-0.570,True,-0.100,0.000,-0.211,neutral,0成
2026-06-01 13:00:13,001390,古麒绒材,0.456,True,-0.100,0.000,0.097,neutral,0成
2026-06-01 13:00:13,300652,雷迪克,-1.356,True,-0.100,0.000,-0.447,neutral,0成
2026-06-01 13:00:13,600372,中航机载,-0.582,True,-0.100,0.000,-0.215,neutral,0成
2026-06-01 13:00:13,605368,蓝天燃气,-0.660,True,-0.100,0.000,-0.238,neutral,0成
2026-06-01 13:00:13,000592,平潭发展,-0.390,True,-0.100,0.000,-0.157,neutral,0成
2026-06-01 13:00:13,603189,*ST网达,0.150,True,-0.100,0.000,0.005,neutral,0成
2026-06-01 13:00:13,603557,*ST起步,0.072,True,-0.100,0.000,-0.018,neutral,0成
2026-06-01 13:00:13,688202,美迪西,-1.398,True,-0.100,0.000,-0.459,neutral,0成
2026-06-01 13:00:13,601801,皖新传媒,-0.816,True,-0.100,0.000,-0.285,neutral,0成
2026-06-01 13:00:13,300676,华大基因,-0.570,True,-0.100,0.000,-0.211,neutral,0成
2026-06-01 13:26:11,001390,古麒绒材,0.456,True,-0.100,0.000,0.113,neutral,0成
2026-06-01 13:26:11,300652,雷迪克,-1.356,True,-0.100,-1.300,-0.785,cautious_bearish,减仓至0.5成以内
2026-06-01 13:26:11,600372,中航机载,-0.582,True,-0.100,0.000,-0.245,neutral,0成
2026-06-01 13:26:11,605368,蓝天燃气,-0.660,True,-0.100,-1.300,-0.545,cautious_bearish,减仓至0.5成以内
2026-06-01 13:26:11,000592,平潭发展,-0.390,True,-0.100,0.000,-0.179,neutral,0成
2026-06-01 13:26:11,603189,*ST网达,0.150,True,-0.100,0.000,0.007,neutral,0成
2026-06-01 13:26:11,603557,*ST起步,0.072,True,-0.100,-1.300,-0.293,neutral,0成
2026-06-01 13:26:11,688202,美迪西,-1.398,True,-0.100,0.000,-0.527,cautious_bearish,减仓至0.5成以内
2026-06-01 13:26:11,601801,皖新传媒,-0.816,True,-0.100,-1.300,-0.599,cautious_bearish,减仓至0.5成以内
2026-06-01 13:26:11,300676,华大基因,-0.570,True,-0.100,0.000,-0.241,neutral,0成
2026-06-01 13:41:46,001390,古麒绒材,0.456,True,-0.100,0.000,0.097,neutral,0成
2026-06-01 13:41:46,300652,雷迪克,-1.356,True,-0.100,-1.300,-0.837,cautious_bearish,减仓至0.5成以内
2026-06-01 13:41:46,600372,中航机载,-0.582,True,-0.100,0.000,-0.215,neutral,0成
2026-06-01 13:41:46,605368,蓝天燃气,-0.660,True,-0.100,-1.300,-0.628,cautious_bearish,减仓至0.5成以内
2026-06-01 13:41:46,000592,平潭发展,-0.390,True,-0.100,0.000,-0.157,neutral,0成
2026-06-01 13:41:46,603189,*ST网达,0.150,True,-0.100,0.000,0.005,neutral,0成
2026-06-01 13:41:46,603557,*ST起步,0.072,True,-0.100,-1.300,-0.408,neutral,0成
2026-06-01 13:41:46,688202,美迪西,-1.398,True,-0.100,0.000,-0.459,neutral,0成
2026-06-01 13:41:46,601801,皖新传媒,-0.816,True,-0.100,-1.300,-0.675,cautious_bearish,减仓至0.5成以内
2026-06-01 13:41:46,300676,华大基因,-0.570,True,-0.100,0.000,-0.211,neutral,0成
2026-06-01 15:31:11,001390,古麒绒材,0.456,True,-0.100,0.000,0.097,neutral,0成
2026-06-01 15:31:11,300652,雷迪克,-1.356,True,-0.100,-1.300,-0.837,cautious_bearish,减仓至0.5成以内
2026-06-01 15:31:11,600372,中航机载,-0.582,True,-0.100,0.000,-0.215,neutral,0成
2026-06-01 15:31:11,605368,蓝天燃气,-0.660,True,-0.100,-1.300,-0.628,cautious_bearish,减仓至0.5成以内
2026-06-01 15:31:11,000592,平潭发展,-0.390,True,-0.100,0.000,-0.157,neutral,0成
2026-06-01 15:31:11,603189,*ST网达,0.150,True,-0.100,0.000,0.005,neutral,0成
2026-06-01 15:31:11,603557,*ST起步,0.072,True,-0.100,-1.300,-0.408,neutral,0成
2026-06-01 15:31:11,688202,美迪西,-1.398,True,-0.100,0.000,-0.459,neutral,0成
2026-06-01 15:31:11,601801,皖新传媒,-0.816,True,-0.100,-1.300,-0.675,cautious_bearish,减仓至0.5成以内
2026-06-01 15:31:11,300676,华大基因,-0.570,True,-0.100,0.000,-0.211,neutral,0成
2026-06-01 15:33:18,001390,古麒绒材,0.456,True,-0.100,0.000,0.097,neutral,0成
2026-06-01 15:33:18,300652,雷迪克,-1.356,True,-1.876,-1.300,-1.547,bearish,大幅减仓
2026-06-01 15:33:18,600372,中航机载,-0.582,True,-0.172,0.000,-0.243,neutral,0成
2026-06-01 15:33:18,605368,蓝天燃气,-0.660,True,-0.112,-1.300,-0.633,cautious_bearish,减仓至0.5成以内
2026-06-01 15:33:18,000592,平潭发展,-0.390,True,-0.184,0.000,-0.191,neutral,0成
2026-06-01 15:33:18,603189,*ST网达,0.150,True,-0.112,0.000,0.000,neutral,0成
2026-06-01 15:33:18,603557,*ST起步,0.072,True,-2.236,-1.300,-1.263,cautious_bearish,减仓至0.5成以内
2026-06-01 15:33:18,688202,美迪西,-1.398,True,-0.232,0.000,-0.512,cautious_bearish,减仓至0.5成以内
2026-06-01 15:33:18,601801,皖新传媒,-0.816,True,0.072,-1.300,-0.606,cautious_bearish,减仓至0.5成以内
2026-06-01 15:33:18,300676,华大基因,-0.570,True,-0.208,0.000,-0.254,neutral,0成
2026-06-01 16:57:23,001390,古麒绒材,0.456,True,-0.100,0.000,0.097,neutral,0成
2026-06-01 16:57:23,300652,雷迪克,-1.356,True,-1.876,-1.300,-1.547,bearish,大幅减仓
2026-06-01 16:57:23,600372,中航机载,-0.582,True,-0.172,0.000,-0.243,neutral,0成
2026-06-01 16:57:23,605368,蓝天燃气,-0.660,True,-0.112,-1.300,-0.633,cautious_bearish,减仓至0.5成以内
2026-06-01 16:57:23,000592,平潭发展,-0.390,True,-0.184,0.000,-0.191,neutral,0成
2026-06-01 16:57:23,603189,*ST网达,0.150,True,-0.112,0.000,0.000,neutral,0成
2026-06-01 16:57:23,603557,*ST起步,0.072,True,-2.236,-1.300,-1.263,cautious_bearish,减仓至0.5成以内
2026-06-01 16:57:23,688202,美迪西,-1.398,True,-0.232,0.000,-0.512,cautious_bearish,减仓至0.5成以内
2026-06-01 16:57:23,601801,皖新传媒,-0.816,True,0.072,-1.300,-0.606,cautious_bearish,减仓至0.5成以内
2026-06-01 16:57:23,300676,华大基因,-0.570,True,-0.208,0.000,-0.254,neutral,0成
2026-06-01 19:23:45,601801,皖新传媒,1.500,True,2.440,2.300,2.116,bullish,1-2成
2026-06-01 19:51:41,601801,皖新传媒,1.500,True,2.440,2.300,2.116,bullish,1-2成
2026-06-01 20:15:07,001390,古麒绒材,0.456,True,-0.100,0.000,0.097,neutral,0成
2026-06-01 20:15:07,300652,雷迪克,-1.356,True,-1.876,-1.300,-1.547,bearish,大幅减仓
2026-06-01 20:15:07,600372,中航机载,-0.582,True,-0.172,0.000,-0.243,neutral,0成
2026-06-01 20:15:07,605368,蓝天燃气,-0.660,True,-0.112,-1.300,-0.633,cautious_bearish,减仓至0.5成以内
2026-06-01 20:15:07,000592,平潭发展,-0.390,True,-0.184,0.000,-0.191,neutral,0成
2026-06-01 20:15:07,603189,*ST网达,0.150,True,-0.112,0.000,0.000,neutral,0成
2026-06-01 20:15:07,603557,*ST起步,0.072,True,-2.236,-1.300,-1.263,cautious_bearish,减仓至0.5成以内
2026-06-01 20:15:07,688202,美迪西,-1.398,True,-0.232,0.000,-0.512,cautious_bearish,减仓至0.5成以内
2026-06-01 20:15:07,601801,皖新传媒,-0.816,True,0.072,-1.300,-0.606,cautious_bearish,减仓至0.5成以内
2026-06-01 20:15:07,300676,华大基因,-0.570,True,-0.208,0.000,-0.254,neutral,0成
2026-06-01 20:15:21,001390,古麒绒材,0.456,True,-0.100,0.000,0.097,neutral,0成
2026-06-01 20:15:21,300652,雷迪克,-1.356,True,-1.876,-1.300,-1.547,bearish,大幅减仓
2026-06-01 20:15:21,600372,中航机载,-0.582,True,-0.172,0.000,-0.243,neutral,0成
2026-06-01 20:15:21,605368,蓝天燃气,-0.660,True,-0.112,-1.300,-0.633,cautious_bearish,减仓至0.5成以内
2026-06-01 20:15:21,000592,平潭发展,-0.390,True,-0.184,0.000,-0.191,neutral,0成
2026-06-01 20:15:21,603189,*ST网达,0.150,True,-0.112,0.000,0.000,neutral,0成
2026-06-01 20:15:21,603557,*ST起步,0.072,True,-2.236,-1.300,-1.263,cautious_bearish,减仓至0.5成以内
2026-06-01 20:15:21,688202,美迪西,-1.398,True,-0.232,0.000,-0.512,cautious_bearish,减仓至0.5成以内
2026-06-01 20:15:21,601801,皖新传媒,-0.816,True,0.072,-1.300,-0.606,cautious_bearish,减仓至0.5成以内
2026-06-01 20:15:21,300676,华大基因,-0.570,True,-0.208,0.000,-0.254,neutral,0成
2026-06-01 21:27:37,601801,皖新传媒,3.000,True,3.000,3.000,3.000,strong_bullish,2-3成
2026-06-01 21:28:00,601801,皖新传媒,3.000,True,3.000,3.000,3.000,strong_bullish,2-3成
2026-06-01 22:02:47,001390,古麒绒材,0.536,True,-0.100,0.000,0.121,neutral,0成
2026-06-01 22:02:47,300652,雷迪克,-1.837,True,-1.218,-1.130,-1.377,cautious_bearish,减仓至0.5成以内
2026-06-01 22:02:47,600372,中航机载,-0.531,True,-0.172,0.000,-0.228,neutral,0成
2026-06-01 22:02:47,605368,蓝天燃气,-0.678,True,-0.112,-1.130,-0.587,cautious_bearish,减仓至0.5成以内
2026-06-01 22:02:47,000592,平潭发展,-0.169,True,-0.184,0.000,-0.124,neutral,0成
2026-06-01 22:02:47,603189,*ST网达,0.000,True,-0.112,0.000,-0.045,neutral,0成
2026-06-01 22:02:47,603557,*ST起步,0.000,True,-2.186,-1.130,-1.213,cautious_bearish,减仓至0.5成以内
2026-06-01 22:02:47,688202,美迪西,-1.902,True,-0.232,0.000,-0.663,cautious_bearish,减仓至0.5成以内
2026-06-01 22:02:47,601801,皖新传媒,-0.972,True,0.072,-1.130,-0.602,cautious_bearish,减仓至0.5成以内
2026-06-01 22:02:47,300676,华大基因,-0.508,True,-0.208,0.000,-0.236,neutral,0成
2026-06-01 22:03:08,001390,古麒绒材,0.536,True,-0.100,0.000,0.121,neutral,0成
2026-06-01 22:03:08,300652,雷迪克,-1.837,True,-1.218,-1.130,-1.377,cautious_bearish,减仓至0.5成以内
2026-06-01 22:03:08,600372,中航机载,-0.531,True,-0.172,0.000,-0.228,neutral,0成
2026-06-01 22:03:08,605368,蓝天燃气,-0.678,True,-0.112,-1.130,-0.587,cautious_bearish,减仓至0.5成以内
2026-06-01 22:03:08,000592,平潭发展,-0.169,True,-0.184,0.000,-0.124,neutral,0成
2026-06-01 22:03:08,603189,*ST网达,0.000,True,-0.112,0.000,-0.045,neutral,0成
2026-06-01 22:03:08,603557,*ST起步,0.000,True,-2.186,-1.130,-1.213,cautious_bearish,减仓至0.5成以内
2026-06-01 22:03:08,688202,美迪西,-1.902,True,-0.232,0.000,-0.663,cautious_bearish,减仓至0.5成以内
2026-06-01 22:03:08,601801,皖新传媒,-0.972,True,0.072,-1.130,-0.602,cautious_bearish,减仓至0.5成以内
2026-06-01 22:03:08,300676,华大基因,-0.508,True,-0.208,0.000,-0.236,neutral,0成
2026-06-01 22:03:17,001390,古麒绒材,0.536,True,-0.100,0.000,0.121,neutral,0成
2026-06-01 22:03:17,300652,雷迪克,-1.837,True,-1.218,-1.130,-1.377,cautious_bearish,减仓至0.5成以内
2026-06-01 22:03:17,600372,中航机载,-0.531,True,-0.172,0.000,-0.228,neutral,0成
2026-06-01 22:03:17,605368,蓝天燃气,-0.678,True,-0.112,-1.130,-0.587,cautious_bearish,减仓至0.5成以内
2026-06-01 22:03:17,000592,平潭发展,-0.169,True,-0.184,0.000,-0.124,neutral,0成
2026-06-01 22:03:17,603189,*ST网达,0.000,True,-0.112,0.000,-0.045,neutral,0成
2026-06-01 22:03:17,603557,*ST起步,0.000,True,-2.186,-1.130,-1.213,cautious_bearish,减仓至0.5成以内
2026-06-01 22:03:17,688202,美迪西,-1.902,True,-0.232,0.000,-0.663,cautious_bearish,减仓至0.5成以内
2026-06-01 22:03:17,601801,皖新传媒,-0.972,True,0.072,-1.130,-0.602,cautious_bearish,减仓至0.5成以内
2026-06-01 22:03:17,300676,华大基因,-0.508,True,-0.208,0.000,-0.236,neutral,0成
2026-06-01 22:03:24,001390,古麒绒材,0.536,True,-0.100,0.000,0.121,neutral,0成
2026-06-01 22:03:24,300652,雷迪克,-1.837,True,-1.218,-1.130,-1.377,cautious_bearish,减仓至0.5成以内
2026-06-01 22:03:24,600372,中航机载,-0.531,True,-0.172,0.000,-0.228,neutral,0成
2026-06-01 22:03:24,605368,蓝天燃气,-0.678,True,-0.112,-1.130,-0.587,cautious_bearish,减仓至0.5成以内
2026-06-01 22:03:24,000592,平潭发展,-0.169,True,-0.184,0.000,-0.124,neutral,0成
2026-06-01 22:03:24,603189,*ST网达,0.000,True,-0.112,0.000,-0.045,neutral,0成
2026-06-01 22:03:24,603557,*ST起步,0.000,True,-2.186,-1.130,-1.213,cautious_bearish,减仓至0.5成以内
2026-06-01 22:03:24,688202,美迪西,-1.902,True,-0.232,0.000,-0.663,cautious_bearish,减仓至0.5成以内
2026-06-01 22:03:24,601801,皖新传媒,-0.972,True,0.072,-1.130,-0.602,cautious_bearish,减仓至0.5成以内
2026-06-01 22:03:24,300676,华大基因,-0.508,True,-0.208,0.000,-0.236,neutral,0成
2026-06-01 22:05:08,001390,古麒绒材,0.536,True,-0.100,0.000,0.121,neutral,0成
2026-06-01 22:05:08,300652,雷迪克,-1.837,True,-1.218,-1.130,-1.377,cautious_bearish,减仓至0.5成以内
2026-06-01 22:05:08,600372,中航机载,-0.531,True,-0.172,0.000,-0.228,neutral,0成
2026-06-01 22:05:08,605368,蓝天燃气,-0.678,True,-0.112,-1.130,-0.587,cautious_bearish,减仓至0.5成以内
2026-06-01 22:05:08,000592,平潭发展,-0.169,True,-0.184,0.000,-0.124,neutral,0成
2026-06-01 22:05:08,603189,*ST网达,0.000,True,-0.112,0.000,-0.045,neutral,0成
2026-06-01 22:05:08,603557,*ST起步,0.000,True,-2.186,-1.130,-1.213,cautious_bearish,减仓至0.5成以内
2026-06-01 22:05:08,688202,美迪西,-1.902,True,-0.232,0.000,-0.663,cautious_bearish,减仓至0.5成以内
2026-06-01 22:05:08,601801,皖新传媒,-0.972,True,0.072,-1.130,-0.602,cautious_bearish,减仓至0.5成以内
2026-06-01 22:05:08,300676,华大基因,-0.508,True,-0.208,0.000,-0.236,neutral,0成
2026-06-02 09:00:57,001390,古麒绒材,-0.169,True,-0.100,0.000,-0.091,neutral,0成
2026-06-02 09:00:57,300652,雷迪克,-0.023,True,-0.100,0.000,-0.047,neutral,0成
2026-06-02 09:00:57,600372,中航机载,-1.260,True,-0.100,0.000,-0.418,neutral,0成
2026-06-02 09:00:57,605368,蓝天燃气,-2.323,True,-0.100,-3.000,-1.637,bearish,大幅减仓
2026-06-02 09:00:57,000592,平潭发展,-0.520,True,-0.100,0.000,-0.196,neutral,0成
2026-06-02 09:00:57,603189,*ST网达,-0.836,True,-0.100,0.000,-0.291,neutral,0成
2026-06-02 09:00:57,603557,*ST起步,0.000,True,-0.100,0.000,-0.040,neutral,0成
2026-06-02 09:00:57,688202,美迪西,-1.130,True,-0.100,-3.000,-1.279,cautious_bearish,减仓至0.5成以内
2026-06-02 09:00:57,601801,皖新传媒,0.000,True,-0.100,0.000,-0.040,neutral,0成
2026-06-02 09:00:57,300676,华大基因,0.000,True,-0.100,0.000,-0.040,neutral,0成
2026-06-02 09:52:41,001390,古麒绒材,-0.169,True,-0.100,0.000,-0.091,neutral,0成
2026-06-02 09:52:41,300652,雷迪克,-0.023,True,-0.100,0.000,-0.047,neutral,0成
2026-06-02 09:52:41,600372,中航机载,-1.260,True,-0.100,0.000,-0.418,neutral,0成
2026-06-02 09:52:41,605368,蓝天燃气,-2.323,True,-0.100,-3.000,-1.637,bearish,大幅减仓
2026-06-02 09:52:41,000592,平潭发展,-0.520,True,-0.100,0.000,-0.196,neutral,0成
2026-06-02 09:52:41,603189,*ST网达,-0.836,True,-0.100,0.000,-0.291,neutral,0成
2026-06-02 09:52:41,603557,*ST起步,0.000,True,-0.100,0.000,-0.040,neutral,0成
2026-06-02 09:52:41,688202,美迪西,-1.130,True,-0.100,-3.000,-1.279,cautious_bearish,减仓至0.5成以内
2026-06-02 09:52:41,601801,皖新传媒,0.000,True,-0.100,0.000,-0.040,neutral,0成
2026-06-02 09:52:41,300676,华大基因,0.000,True,-0.100,0.000,-0.040,neutral,0成
2026-06-02 10:04:10,601801,皖新传媒,3.000,True,3.000,3.000,3.000,strong_bullish,2-3成
2026-06-02 10:06:14,601801,皖新传媒,3.000,True,3.000,3.000,3.000,strong_bullish,2-3成
2026-06-02 10:07:46,601801,皖新传媒,3.000,True,3.000,3.000,3.000,strong_bullish,2-3成
2026-06-02 10:10:59,601801,皖新传媒,3.000,True,3.000,3.000,3.000,strong_bullish,2-3成
2026-06-02 10:18:06,601801,皖新传媒,3.000,True,3.000,3.000,3.000,strong_bullish,2-3成
2026-06-02 10:19:57,001390,古麒绒材,-0.169,True,-0.142,0.000,-0.154,neutral,0成
2026-06-02 10:19:57,300652,雷迪克,-0.023,True,-0.202,0.000,-0.125,neutral,0成
2026-06-02 10:19:57,600372,中航机载,-1.260,True,-0.148,0.000,-0.625,cautious_bearish,减仓至0.5成以内
2026-06-02 10:19:57,605368,蓝天燃气,-2.323,True,-0.172,-3.000,-1.094,cautious_bearish,减仓至0.5成以内
2026-06-02 10:19:57,000592,平潭发展,-0.520,True,-0.184,0.000,-0.328,neutral,0成
2026-06-02 10:19:57,603189,*ST网达,-0.836,True,-0.112,0.000,-0.422,neutral,0成
2026-06-02 10:19:57,603557,*ST起步,0.000,True,-1.186,0.000,-0.678,cautious_bearish,减仓至0.5成以内
2026-06-02 10:19:57,688202,美迪西,-1.130,True,-0.208,-3.000,-0.603,cautious_bearish,减仓至0.5成以内
2026-06-02 10:19:57,601801,皖新传媒,0.000,True,0.060,0.000,0.034,neutral,0成
2026-06-02 10:19:57,300676,华大基因,0.000,True,-0.196,0.000,-0.112,neutral,0成
2026-06-02 10:24:32,601801,皖新传媒,3.000,True,3.000,3.000,3.000,strong_bullish,2-3成
2026-06-02 10:24:58,601801,皖新传媒,3.000,True,3.000,3.000,3.000,strong_bullish,2-3成
2026-06-02 10:32:09,601801,皖新传媒,3.000,True,3.000,3.000,3.000,strong_bullish,2-3成
2026-06-02 10:35:25,601801,皖新传媒,3.000,True,3.000,3.000,3.000,strong_bullish,2-3成
2026-06-02 10:39:30,601801,皖新传媒,3.000,True,3.000,3.000,3.000,strong_bullish,2-3成
2026-06-02 10:42:19,601801,皖新传媒,3.000,True,3.000,3.000,3.000,strong_bullish,2-3成
2026-06-02 10:44:55,601801,皖新传媒,3.000,True,3.000,3.000,3.000,strong_bullish,2-3成
2026-06-02 10:51:06,601801,皖新传媒,3.000,True,3.000,3.000,3.000,strong_bullish,2-3成
2026-06-02 10:53:02,601801,皖新传媒,3.000,True,3.000,True,3.000,True,3.000,strong_bullish,2-3成,False,False,linear
2026-06-02 10:54:42,601801,皖新传媒,3.000,True,3.000,True,3.000,True,3.000,strong_bullish,2-3成,False,False,linear
2026-06-02 13:05:55,001390,古麒绒材,-0.169,True,-0.208,True,-3.000,True,-1.034,cautious_bearish,减仓至0.5成以内,False,False,dual
2026-06-02 13:05:55,300652,雷迪克,-0.023,True,-0.148,True,0.000,True,-0.066,neutral,0成,False,False,dual
2026-06-02 13:05:55,600372,中航机载,-1.260,True,-0.190,True,-3.000,True,-1.354,cautious_bearish,减仓至0.5成以内,False,False,dual
2026-06-02 13:05:55,605368,蓝天燃气,-2.323,True,-0.148,True,-3.000,True,-1.656,bearish,大幅减仓,False,False,dual
2026-06-02 13:05:55,000592,平潭发展,-0.520,True,-0.208,True,-3.000,True,-1.139,cautious_bearish,减仓至0.5成以内,False,False,dual
2026-06-02 13:05:55,603189,*ST网达,-0.836,True,-0.100,True,2.060,True,-0.548,cautious_bearish,减仓至0.5成以内,False,True,dual
2026-06-02 13:05:55,603557,*ST起步,0.000,True,-0.172,True,0.000,True,-0.069,neutral,0成,False,False,dual
2026-06-02 13:05:55,688202,美迪西,-1.130,True,-0.190,True,-3.000,True,-1.315,cautious_bearish,减仓至0.5成以内,False,False,dual
2026-06-02 13:05:55,601801,皖新传媒,0.000,True,-0.100,True,2.060,True,0.578,cautious_bullish,0.5-1成,False,False,dual
2026-06-02 13:05:55,300676,华大基因,0.000,True,-0.190,True,-3.000,True,-0.976,cautious_bearish,减仓至0.5成以内,False,False,dual
2026-06-02 13:16:06,001390,古麒绒材,-0.169,True,-0.208,True,-3.000,True,-1.034,cautious_bearish,减仓至0.5成以内,False,False,dual
2026-06-02 13:16:06,300652,雷迪克,-0.023,True,-0.148,True,-1.130,True,-0.405,neutral,0成,False,False,dual
2026-06-02 13:16:06,600372,中航机载,-1.260,True,-0.190,True,-3.000,True,-1.354,cautious_bearish,减仓至0.5成以内,False,False,dual
2026-06-02 13:16:06,605368,蓝天燃气,-2.323,True,-0.148,True,-1.130,True,-1.095,cautious_bearish,减仓至0.5成以内,False,False,dual
2026-06-02 13:16:06,000592,平潭发展,-0.520,True,-0.208,True,-3.000,True,-1.139,cautious_bearish,减仓至0.5成以内,False,False,dual
2026-06-02 13:16:06,603189,*ST网达,-0.836,True,-0.100,True,2.060,True,-0.548,cautious_bearish,减仓至0.5成以内,False,True,dual
2026-06-02 13:16:06,603557,*ST起步,0.000,True,-0.172,True,0.000,True,-0.069,neutral,0成,False,False,dual
2026-06-02 13:16:06,688202,美迪西,-1.130,True,-0.190,True,-3.000,True,-1.315,cautious_bearish,减仓至0.5成以内,False,False,dual
2026-06-02 13:16:06,601801,皖新传媒,0.000,True,-0.100,True,2.060,True,0.578,cautious_bullish,0.5-1成,False,False,dual
2026-06-02 13:16:06,300676,华大基因,0.000,True,-0.190,True,-3.000,True,-0.976,cautious_bearish,减仓至0.5成以内,False,False,dual
2026-06-02 13:19:20,001390,古麒绒材,-0.169,True,-0.208,True,-3.000,True,-1.034,cautious_bearish,减仓至0.5成以内,False,False,dual
2026-06-02 13:19:20,300652,雷迪克,-0.023,True,-0.148,True,-1.130,True,-0.405,neutral,0成,False,False,dual
2026-06-02 13:19:20,600372,中航机载,-1.260,True,-0.190,True,-3.000,True,-1.354,cautious_bearish,减仓至0.5成以内,False,False,dual
2026-06-02 13:19:20,605368,蓝天燃气,-2.323,True,-0.148,True,-1.130,True,-1.095,cautious_bearish,减仓至0.5成以内,False,False,dual
2026-06-02 13:19:20,000592,平潭发展,-0.520,True,-0.208,True,-3.000,True,-1.139,cautious_bearish,减仓至0.5成以内,False,False,dual
2026-06-02 13:19:20,603189,*ST网达,-0.836,True,-0.100,True,2.060,True,-0.548,cautious_bearish,减仓至0.5成以内,False,True,dual
2026-06-02 13:19:20,603557,*ST起步,0.000,True,-0.172,True,0.000,True,-0.069,neutral,0成,False,False,dual
2026-06-02 13:19:20,688202,美迪西,-1.130,True,-0.190,True,-3.000,True,-1.315,cautious_bearish,减仓至0.5成以内,False,False,dual
2026-06-02 13:19:20,601801,皖新传媒,0.000,True,-0.100,True,2.060,True,0.578,cautious_bullish,0.5-1成,False,False,dual
2026-06-02 13:19:20,300676,华大基因,0.000,True,-0.190,True,-3.000,True,-0.976,cautious_bearish,减仓至0.5成以内,False,False,dual
2026-06-02 13:39:05,001390,古麒绒材,-0.169,True,-0.208,True,0.000,True,-0.134,neutral,0成,False,False,dual
2026-06-02 13:39:05,300652,雷迪克,-0.023,True,-0.148,True,0.000,True,-0.066,neutral,0成,False,False,dual
2026-06-02 13:39:05,600372,中航机载,-1.260,True,-0.190,True,0.000,True,-0.454,neutral,0成,False,False,dual
2026-06-02 13:39:05,605368,蓝天燃气,-2.323,True,-0.148,True,-3.000,True,-1.656,bearish,大幅减仓,False,False,dual
2026-06-02 13:39:05,000592,平潭发展,-0.520,True,-0.208,True,0.000,True,-0.239,neutral,0成,False,False,dual
2026-06-02 13:39:05,603189,*ST网达,-0.836,True,-0.100,True,0.000,True,-0.291,neutral,0成,False,False,dual
2026-06-02 13:39:05,603557,*ST起步,0.000,True,-0.172,True,0.000,True,-0.069,neutral,0成,False,False,dual
2026-06-02 13:39:05,688202,美迪西,-1.130,True,-0.190,True,-3.000,True,-1.315,cautious_bearish,减仓至0.5成以内,False,False,dual
2026-06-02 13:39:05,601801,皖新传媒,0.000,True,-0.100,True,0.000,True,-0.040,neutral,0成,False,False,dual
2026-06-02 13:39:05,300676,华大基因,0.000,True,-0.190,True,0.000,True,-0.076,neutral,0成,False,False,dual
2026-06-02 13:39:10,001390,古麒绒材,-0.169,True,-0.208,True,0.000,True,-0.134,neutral,0成,False,False,dual
2026-06-02 13:39:10,300652,雷迪克,-0.023,True,-0.148,True,0.000,True,-0.066,neutral,0成,False,False,dual
2026-06-02 13:39:10,600372,中航机载,-1.260,True,-0.190,True,0.000,True,-0.454,neutral,0成,False,False,dual
2026-06-02 13:39:10,605368,蓝天燃气,-2.323,True,-0.148,True,-3.000,True,-1.656,bearish,大幅减仓,False,False,dual
2026-06-02 13:39:10,000592,平潭发展,-0.520,True,-0.208,True,0.000,True,-0.239,neutral,0成,False,False,dual
2026-06-02 13:39:10,603189,*ST网达,-0.836,True,-0.100,True,0.000,True,-0.291,neutral,0成,False,False,dual
2026-06-02 13:39:10,603557,*ST起步,0.000,True,-0.172,True,0.000,True,-0.069,neutral,0成,False,False,dual
2026-06-02 13:39:10,688202,美迪西,-1.130,True,-0.190,True,-3.000,True,-1.315,cautious_bearish,减仓至0.5成以内,False,False,dual
2026-06-02 13:39:10,601801,皖新传媒,0.000,True,-0.100,True,0.000,True,-0.040,neutral,0成,False,False,dual
2026-06-02 13:39:10,300676,华大基因,0.000,True,-0.190,True,0.000,True,-0.076,neutral,0成,False,False,dual
2026-06-02 16:12:43,001390,古麒绒材,-0.169,True,-0.172,True,-3.000,True,-1.020,cautious_bearish,减仓至0.5成以内,False,False,dual
2026-06-02 16:12:43,300652,雷迪克,-0.023,True,-0.172,True,-1.130,True,-0.415,neutral,0成,False,False,dual
2026-06-02 16:12:43,600372,中航机载,-1.260,True,-0.112,True,-3.000,True,-1.323,cautious_bearish,减仓至0.5成以内,False,False,dual
2026-06-02 16:12:43,605368,蓝天燃气,-2.323,True,-0.184,True,-1.130,True,-1.110,cautious_bearish,减仓至0.5成以内,False,False,dual
2026-06-02 16:12:43,000592,平潭发展,-0.520,True,-0.190,True,-3.000,True,-1.132,cautious_bearish,减仓至0.5成以内,False,False,dual
2026-06-02 16:12:43,603189,*ST网达,-0.836,True,-0.148,True,2.060,True,-0.575,cautious_bearish,减仓至0.5成以内,False,True,dual
2026-06-02 16:12:43,603557,*ST起步,0.000,True,-0.160,True,0.000,True,-0.064,neutral,0成,False,False,dual
2026-06-02 16:12:43,688202,美迪西,-1.130,True,-0.208,True,-3.000,True,-1.322,cautious_bearish,减仓至0.5成以内,False,False,dual
2026-06-02 16:12:43,601801,皖新传媒,0.000,True,-0.130,True,2.060,True,0.566,cautious_bullish,0.5-1成,False,False,dual
2026-06-02 16:12:43,300676,华大基因,0.000,True,-0.172,True,-3.000,True,-0.969,cautious_bearish,减仓至0.5成以内,False,False,dual
2026-06-02 19:00:57,001390,古麒绒材,-0.169,True,-0.190,True,-3.000,True,-1.027,cautious_bearish,减仓至0.5成以内,False,False,dual
2026-06-02 19:00:57,300652,雷迪克,-0.023,True,-0.142,True,-1.130,True,-0.403,neutral,0成,False,False,dual
2026-06-02 19:00:57,600372,中航机载,-1.260,True,-0.130,True,-3.000,True,-1.330,cautious_bearish,减仓至0.5成以内,False,False,dual
2026-06-02 19:00:57,605368,蓝天燃气,-2.323,True,-0.112,True,-1.130,True,-1.081,cautious_bearish,减仓至0.5成以内,False,False,dual
2026-06-02 19:00:57,000592,平潭发展,-0.520,True,-0.160,True,-3.000,True,-1.120,cautious_bearish,减仓至0.5成以内,False,False,dual
2026-06-02 19:00:57,603189,*ST网达,-0.836,True,-0.130,True,2.060,True,-0.564,cautious_bearish,减仓至0.5成以内,False,True,dual
2026-06-02 19:00:57,603557,*ST起步,0.000,True,-0.148,True,0.000,True,-0.059,neutral,0成,False,False,dual
2026-06-02 19:00:57,688202,美迪西,-1.130,True,-0.196,True,-3.000,True,-1.317,cautious_bearish,减仓至0.5成以内,False,False,dual
2026-06-02 19:00:57,601801,皖新传媒,0.000,True,0.048,True,2.060,True,0.637,cautious_bullish,0.5-1成,False,False,dual
2026-06-02 19:00:57,300676,华大基因,0.000,True,-0.148,True,-3.000,True,-0.959,cautious_bearish,减仓至0.5成以内,False,False,dual
2026-06-03 09:43:04,001390,古麒绒材,0.000,True,-0.100,False,0.000,True,0.000,neutral,0成,True,False,dual
2026-06-03 09:43:04,300652,雷迪克,0.000,True,-0.100,False,0.000,True,0.000,neutral,0成,True,False,dual
2026-06-03 09:43:04,600372,中航机载,-0.723,True,-0.100,False,0.000,True,-0.362,neutral,0成,True,False,dual
2026-06-03 09:43:04,605368,蓝天燃气,-0.712,True,-0.100,False,0.000,True,-0.356,neutral,0成,True,False,dual
2026-06-03 09:43:05,000592,平潭发展,0.000,True,-0.100,False,0.000,True,0.000,neutral,0成,True,False,dual
2026-06-03 09:43:05,603189,*ST网达,0.000,True,-0.100,False,0.000,True,0.000,neutral,0成,True,False,dual
2026-06-03 09:43:05,603557,*ST起步,2.069,True,-0.100,False,0.000,True,1.035,cautious_bullish,0.5-1成,True,False,dual
2026-06-03 09:43:05,688202,美迪西,-0.554,True,-0.100,False,0.000,True,-0.277,neutral,0成,True,False,dual
2026-06-03 09:43:05,601801,皖新传媒,-0.294,True,-0.100,False,0.000,True,-0.147,neutral,0成,True,False,dual
2026-06-03 09:43:05,300676,华大基因,0.000,True,-0.100,False,0.000,True,0.000,neutral,0成,True,False,dual
2026-06-03 11:42:02,601801,皖新传媒,3.000,True,3.000,True,3.000,True,3.000,strong_bullish,2-3成,False,False,linear
2026-06-03 13:08:06,001390,古麒绒材,0.000,True,-0.196,True,0.000,True,-0.078,neutral,0成,False,False,dual
2026-06-03 13:08:06,300652,雷迪克,0.000,True,-0.172,True,0.000,True,-0.069,neutral,0成,False,False,dual
2026-06-03 13:08:06,600372,中航机载,-0.723,True,-0.136,True,0.000,True,-0.271,neutral,0成,False,False,dual
2026-06-03 13:08:06,605368,蓝天燃气,-0.712,True,-0.148,True,0.000,True,-0.273,neutral,0成,False,False,dual
2026-06-03 13:08:06,000592,平潭发展,0.000,True,-0.208,True,0.000,True,-0.083,neutral,0成,False,False,dual
2026-06-03 13:08:06,603189,*ST网达,0.000,True,-0.160,True,0.000,True,-0.064,neutral,0成,False,False,dual
2026-06-03 13:08:06,603557,*ST起步,2.069,True,-0.160,True,0.000,True,0.557,cautious_bullish,0.5-1成,False,False,dual
2026-06-03 13:08:06,688202,美迪西,-0.554,True,-0.184,True,0.000,True,-0.240,neutral,0成,False,False,dual
2026-06-03 13:08:06,601801,皖新传媒,-0.294,True,0.072,True,0.000,True,-0.059,neutral,0成,False,False,dual
2026-06-03 13:08:06,300676,华大基因,0.000,True,-0.142,True,0.000,True,-0.057,neutral,0成,False,False,dual
2026-06-03 19:01:13,001390,古麒绒材,0.000,True,-0.100,False,0.000,True,0.000,neutral,0成,True,False,dual
2026-06-03 19:01:13,300652,雷迪克,0.000,True,-0.100,False,0.000,True,0.000,neutral,0成,True,False,dual
2026-06-03 19:01:13,600372,中航机载,-0.723,True,-0.100,False,0.000,True,-0.362,neutral,0成,True,False,dual
2026-06-03 19:01:13,605368,蓝天燃气,-0.712,True,-0.100,False,0.000,True,-0.356,neutral,0成,True,False,dual
2026-06-03 19:01:13,000592,平潭发展,0.000,True,-0.100,False,0.000,True,0.000,neutral,0成,True,False,dual
2026-06-03 19:01:13,603189,*ST网达,0.000,True,-0.100,False,0.000,True,0.000,neutral,0成,True,False,dual
2026-06-03 19:01:13,603557,*ST起步,2.069,True,-0.100,False,0.000,True,1.035,cautious_bullish,0.5-1成,True,False,dual
2026-06-03 19:01:13,688202,美迪西,-0.554,True,-0.100,False,0.000,True,-0.277,neutral,0成,True,False,dual
2026-06-03 19:01:13,601801,皖新传媒,-0.294,True,-0.100,False,0.000,True,-0.147,neutral,0成,True,False,dual
2026-06-03 19:01:13,300676,华大基因,0.000,True,-0.100,False,0.000,True,0.000,neutral,0成,True,False,dual
2026-06-04 09:47:20,001390,古麒绒材,0.000,True,-0.100,False,-3.000,True,-1.500,bearish,大幅减仓,True,False,dual
2026-06-04 09:47:20,300652,雷迪克,0.000,True,-0.100,False,-1.130,True,-0.565,cautious_bearish,减仓至0.5成以内,True,False,dual
2026-06-04 09:47:20,600372,中航机载,-0.983,True,-0.100,False,-3.000,True,-1.992,bearish,大幅减仓,True,False,dual
2026-06-04 09:47:20,605368,蓝天燃气,-2.071,True,-0.100,False,0.000,True,-1.036,cautious_bearish,减仓至0.5成以内,True,False,dual
2026-06-04 09:47:20,000592,平潭发展,0.000,True,-0.100,False,-3.000,True,-1.500,bearish,大幅减仓,True,False,dual
2026-06-04 09:47:20,603189,*ST网达,0.000,True,-0.100,False,0.000,True,0.000,neutral,0成,True,False,dual
2026-06-04 09:47:20,603557,*ST起步,0.000,True,-0.100,False,2.060,True,1.030,cautious_bullish,0.5-1成,True,False,dual
2026-06-04 09:47:20,688202,美迪西,-0.870,True,-0.100,False,-3.000,True,-1.935,bearish,大幅减仓,True,False,dual
2026-06-04 09:47:20,601801,皖新传媒,-1.446,True,-0.100,False,-3.000,True,-2.223,bearish,大幅减仓,True,False,dual
2026-06-04 09:47:20,300676,华大基因,0.577,True,-0.100,False,-3.000,True,-2.758,strong_bearish,清仓,True,True,dual
2026-06-04 13:01:26,001390,古麒绒材,0.000,True,-0.100,False,-3.000,True,-1.500,bearish,大幅减仓,True,False,dual
2026-06-04 13:01:26,300652,雷迪克,0.000,True,-0.100,False,-3.000,True,-1.500,bearish,大幅减仓,True,False,dual
2026-06-04 13:01:26,600372,中航机载,-0.983,True,-0.100,False,-3.000,True,-1.992,bearish,大幅减仓,True,False,dual
2026-06-04 13:01:26,605368,蓝天燃气,-2.071,True,-0.100,False,0.000,True,-1.036,cautious_bearish,减仓至0.5成以内,True,False,dual
2026-06-04 13:01:26,000592,平潭发展,0.000,True,-0.100,False,-3.000,True,-1.500,bearish,大幅减仓,True,False,dual
2026-06-04 13:01:26,603189,*ST网达,0.000,True,-0.100,False,2.060,True,1.030,cautious_bullish,0.5-1成,True,False,dual
2026-06-04 13:01:26,603557,*ST起步,0.000,True,-0.100,False,2.060,True,1.030,cautious_bullish,0.5-1成,True,False,dual
2026-06-04 13:01:26,688202,美迪西,-0.870,True,-0.100,False,-3.000,True,-1.935,bearish,大幅减仓,True,False,dual
2026-06-04 13:01:26,601801,皖新传媒,-1.446,True,-0.100,False,0.000,True,-0.723,cautious_bearish,减仓至0.5成以内,True,False,dual
2026-06-04 13:01:26,300676,华大基因,0.577,True,-0.100,False,-3.000,True,-2.758,strong_bearish,清仓,True,True,dual
2026-06-04 19:01:26,001390,古麒绒材,0.000,True,-0.100,False,-3.000,True,-1.500,bearish,大幅减仓,True,False,dual
2026-06-04 19:01:26,300652,雷迪克,0.000,True,-0.100,False,-3.000,True,-1.500,bearish,大幅减仓,True,False,dual
2026-06-04 19:01:26,600372,中航机载,-0.983,True,-0.100,False,-3.000,True,-1.992,bearish,大幅减仓,True,False,dual
2026-06-04 19:01:26,605368,蓝天燃气,-2.071,True,-0.100,False,0.000,True,-1.036,cautious_bearish,减仓至0.5成以内,True,False,dual
2026-06-04 19:01:26,000592,平潭发展,0.000,True,-0.100,False,-3.000,True,-1.500,bearish,大幅减仓,True,False,dual
2026-06-04 19:01:26,603189,*ST网达,0.000,True,-0.100,False,2.060,True,1.030,cautious_bullish,0.5-1成,True,False,dual
2026-06-04 19:01:26,603557,*ST起步,0.000,True,-0.100,False,2.060,True,1.030,cautious_bullish,0.5-1成,True,False,dual
2026-06-04 19:01:26,688202,美迪西,-0.870,True,-0.100,False,-3.000,True,-1.935,bearish,大幅减仓,True,False,dual
2026-06-04 19:01:26,601801,皖新传媒,-1.446,True,-0.100,False,0.000,True,-0.723,cautious_bearish,减仓至0.5成以内,True,False,dual
2026-06-04 19:01:26,300676,华大基因,0.577,True,-0.100,False,-3.000,True,-2.758,strong_bearish,清仓,True,True,dual
2026-06-05 09:45:21,001390,古麒绒材,0.000,True,-0.100,False,-3.000,True,-1.500,bearish,大幅减仓,True,False,dual
2026-06-05 09:45:21,300652,雷迪克,0.000,True,-0.100,False,-3.000,True,-1.500,bearish,大幅减仓,True,False,dual
2026-06-05 09:45:21,600372,中航机载,-0.983,True,-0.100,False,-3.000,True,-1.992,bearish,大幅减仓,True,False,dual
2026-06-05 09:45:21,605368,蓝天燃气,-2.071,True,-0.100,False,0.000,True,-1.036,cautious_bearish,减仓至0.5成以内,True,False,dual
2026-06-05 09:45:21,000592,平潭发展,0.000,True,-0.100,False,-3.000,True,-1.500,bearish,大幅减仓,True,False,dual
2026-06-05 09:45:21,603189,*ST网达,0.000,True,-0.100,False,2.060,True,1.030,cautious_bullish,0.5-1成,True,False,dual
2026-06-05 09:45:21,603557,*ST起步,0.000,True,-0.100,False,0.000,True,0.000,neutral,0成,True,False,dual
2026-06-05 09:45:21,688202,美迪西,-0.870,True,-0.100,False,-3.000,True,-1.935,bearish,大幅减仓,True,False,dual
2026-06-05 09:45:21,601801,皖新传媒,-1.446,True,-0.100,False,2.060,True,-1.197,cautious_bearish,减仓至0.5成以内,True,True,dual
2026-06-05 09:45:21,300676,华大基因,0.577,True,-0.100,False,-3.000,True,-2.758,strong_bearish,清仓,True,True,dual
2026-06-05 13:07:17,001390,古麒绒材,0.000,True,-0.100,False,-3.000,True,-1.500,bearish,大幅减仓,True,False,dual
2026-06-05 13:07:17,300652,雷迪克,0.000,True,-0.100,False,-3.000,True,-1.500,bearish,大幅减仓,True,False,dual
2026-06-05 13:07:17,600372,中航机载,0.000,True,-0.100,False,-3.000,True,-1.500,bearish,大幅减仓,True,False,dual
2026-06-05 13:07:17,605368,蓝天燃气,0.000,True,-0.100,False,0.000,True,0.000,neutral,0成,True,False,dual
2026-06-05 13:07:17,000592,平潭发展,0.000,True,-0.100,False,-3.000,True,-1.500,bearish,大幅减仓,True,False,dual
2026-06-05 13:07:17,603189,*ST网达,-1.279,True,-0.100,False,2.060,True,-1.013,cautious_bearish,减仓至0.5成以内,True,True,dual
2026-06-05 13:07:17,603557,*ST起步,0.000,True,-0.100,False,0.000,True,0.000,neutral,0成,True,False,dual
2026-06-05 13:07:17,688202,美迪西,-0.565,True,-0.100,False,-3.000,True,-1.782,bearish,大幅减仓,True,False,dual
2026-06-05 13:07:17,601801,皖新传媒,-0.452,True,-0.100,False,2.060,True,0.804,cautious_bullish,0.5-1成,True,False,dual
2026-06-05 13:07:17,300676,华大基因,1.030,True,-0.100,False,-3.000,True,-2.803,strong_bearish,清仓,True,True,dual
2026-06-05 19:01:29,001390,古麒绒材,0.000,True,-0.100,False,-3.000,True,-1.500,bearish,大幅减仓,True,False,dual
2026-06-05 19:01:29,300652,雷迪克,0.000,True,-0.100,False,-3.000,True,-1.500,bearish,大幅减仓,True,False,dual
2026-06-05 19:01:29,600372,中航机载,0.000,True,-0.100,False,-3.000,True,-1.500,bearish,大幅减仓,True,False,dual
2026-06-05 19:01:29,605368,蓝天燃气,0.000,True,-0.100,False,0.000,True,0.000,neutral,0成,True,False,dual
2026-06-05 19:01:29,000592,平潭发展,0.000,True,-0.100,False,-3.000,True,-1.500,bearish,大幅减仓,True,False,dual
2026-06-05 19:01:29,603189,*ST网达,-1.279,True,-0.100,False,2.060,True,-1.013,cautious_bearish,减仓至0.5成以内,True,True,dual
2026-06-05 19:01:29,603557,*ST起步,0.000,True,-0.100,False,2.060,True,1.030,cautious_bullish,0.5-1成,True,False,dual
2026-06-05 19:01:29,688202,美迪西,-0.565,True,-0.100,False,-3.000,True,-1.782,bearish,大幅减仓,True,False,dual
2026-06-05 19:01:29,601801,皖新传媒,-0.452,True,-0.100,False,0.000,True,-0.226,neutral,0成,True,False,dual
2026-06-05 19:01:29,300676,华大基因,1.030,True,-0.100,False,-3.000,True,-2.803,strong_bearish,清仓,True,True,dual
